East Midlands Ambulance Service NHS Trust,RX9
East of England Ambulance Service NHS Trust,RYC
Great Western Ambulance Service NHS Trust,RX5
London Ambulance Service NHS Trust,RRU
North East Ambulance Service NHS Foundation Trust,RX6
North West Ambulance Service NHS Trust,RX7
South Central Ambulance Service NHS Foundation Trust,RYE
South East Coast Ambulance Service NHS Foundation Trust,RYD
South Western Ambulance Service NHS Foundation Trust,RYF
Welsh Ambulance Services NHS Trust,RT4
West Midlands Ambulance Service NHS Foundation Trust,RYA
Yorkshire Ambulance Service NHS Trust,RX8