"Airedale, Wharfedale And Craven CCG",02N
Ashford CCG,09C
Ashire And Greater Manchester Commissioning Hub,13W
Ashire Commissioning Hub,14K
Aylesbury Vale CCG,10Y
Barking And Dagenham CCG,07L
Barnet CCG,07M
Barnsley CCG,02P
Basildon And Brentwood CCG,99E
Bassetlaw CCG,02Q
Bath And North East Somerset CCG,11E
Bedfordshire CCG,06F
Bexley CCG,07N
Birmingham Crosscity CCG,13P
Birmingham South And Central CCG,04X
Blackburn With Darwen CCG,00Q
Blackpool CCG,00R
Bolton CCG,00T
Bracknell And Ascot CCG,10G
Bradford City CCG,02W
Bradford Districts CCG,02R
Brent CCG,07P
Brighton And Hove CCG,09D
Bristol CCG,11H
Bromley CCG,07Q
Bury CCG,00V
Calderdale CCG,02T
Cambridgeshire And Peterborough CCG,06H
Camden CCG,07R
Cannock Chase CCG,04Y
Canterbury And Coastal CCG,09E
Castle Point And Rochford CCG,99F
Central London (Westminster) CCG,09A
Central Manchester CCG,00W
Chiltern CCG,10H
Chorley And South Ribble CCG,00X
City And Hackney CCG,07T
Coastal West Sussex CCG,09G
Commissioning Hub,14E
Corby CCG,03V
Coventry And Rugby CCG,05A
Crawley CCG,09H
Croydon CCG,07V
Darlington CCG,00C
"Dartford, Gravesham And Swanley CCG",09J
Doncaster CCG,02X
Dorset CCG,11J
Dudley CCG,05C
"Durham Dales, Easington And Sedgefield CCG",00D
Ealing CCG,07W
East And North Hertfordshire CCG,06K
East Lancashire CCG,01A
East Leicestershire And Rutland CCG,03W
East Riding Of Yorkshire CCG,02Y
East Staffordshire CCG,05D
East Surrey CCG,09L
"Eastbourne, Hailsham And Seaford CCG",09F
Eastern Cheshire CCG,01C
Enfield CCG,07X
Erewash CCG,03X
Ex Commissioning Hub,13N
Fareham And Gosport CCG,10K
Fylde And Wyre CCG,02M
Gloucestershire CCG,11M
Great Yarmouth And Waveney CCG,06M
Greater Huddersfield CCG,03A
Greater Preston CCG,01E
Greenwich CCG,08A
Guildford And Waverley CCG,09N
H Central Commissioning Hub,14H
H East Commissioning Hub,14G
H Midlands Commissioning Hub,14A
H West Commissioning Hub,14F
Halton CCG,01F
"Hambleton, Richmondshire And Whitby CCG",03D
Hammersmith And Fulham CCG,08C
Hardwick CCG,03Y
Haringey CCG,08D
Harrogate And Rural District CCG,03E
Harrow CCG,08E
Hartlepool And Stockton-On-Tees CCG,00K
Hastings And Rother CCG,09P
Havering CCG,08F
Herefordshire CCG,05F
Herts Valleys CCG,06N
"Heywood, Middleton And Rochdale CCG",01D
High Weald Lewes Havens CCG,99K
Hillingdon CCG,08G
Hire And Merseyside Commissioning Hub,13Y
Horsham And Mid Sussex CCG,09X
Hounslow CCG,07Y
Hull CCG,03F
Ipswich And East Suffolk CCG,06L
Isle Of Wight CCG,10L
Islington CCG,08H
Kernow CCG,11N
Kingston CCG,08J
Knowsley CCG,01J
Lambeth CCG,08K
Leeds North CCG,02V
Leeds South And East CCG,03G
Leeds West CCG,03C
Leicester City CCG,04C
Lewisham CCG,08L
Lincolnshire East CCG,03T
Lincolnshire West CCG,04D
Liverpool CCG,99A
Luton CCG,06P
Manchester CCG,14L
Mansfield And Ashfield CCG,04E
Medway CCG,09W
Merton CCG,08R
Mid Essex CCG,06Q
Midlands Commissioning Hub,14C
Milton Keynes CCG,04F
Morecambe Bay CCG,01K
Nene CCG,04G
Newark And Sherwood CCG,04H
Newbury And District CCG,10M
Newcastle Gateshead CCG,13T
Newham CCG,08M
North And West Reading CCG,10N
North Cumbria CCG,01H
North Derbyshire CCG,04J
North Durham CCG,00J
North East Essex CCG,06T
North East Hampshire And Farnham CCG,99M
North East Lincolnshire CCG,03H
North Hampshire CCG,10J
North Kirklees CCG,03J
North Lincolnshire CCG,03K
North Manchester CCG,01M
North Norfolk CCG,06V
North Somerset CCG,11T
North Staffordshire CCG,05G
North Tyneside CCG,99C
North West Surrey CCG,09Y
"Northern, Eastern And Western Devon CCG",99P
Northumberland CCG,00L
Norwich CCG,06W
Nottingham City CCG,04K
Nottingham North And East CCG,04L
Nottingham West CCG,04M
Oldham CCG,00Y
On Commissioning Hub,13R
Onal Commissioning Hub 1,13Q
Oxfordshire CCG,10Q
Portsmouth CCG,10R
Ral Midlands Commissioning Hub,14D
Redbridge CCG,08N
Redditch And Bromsgrove CCG,05J
Ria And North East Commissioning Hub,13X
Richmond CCG,08P
Rotherham CCG,03L
Rushcliffe CCG,04N
Salford CCG,01G
Sandwell And West Birmingham CCG,05L
Scarborough And Ryedale CCG,03M
Sheffield CCG,03N
Shire And Humber Commissioning Hub,13V
Shropshire CCG,05N
Slough CCG,10T
Solihull CCG,05P
Somerset CCG,11X
South Cheshire CCG,01R
South Devon And Torbay CCG,99Q
South East Staffordshire And Seisdon Peninsula CCG,05Q
South Eastern Hampshire CCG,10V
South Gloucestershire CCG,12A
South Kent Coast CCG,10A
South Lincolnshire CCG,99D
South Manchester CCG,01N
South Norfolk CCG,06Y
South Reading CCG,10W
South Sefton CCG,01T
South Tees CCG,00M
South Tyneside CCG,00N
South Warwickshire CCG,05R
South West Lincolnshire CCG,04Q
South Worcestershire CCG,05T
Southampton CCG,10X
Southend CCG,99G
Southern Derbyshire CCG,04R
Southport And Formby CCG,01V
Southwark CCG,08Q
St Helens CCG,01X
Stafford And Surrounds CCG,05V
Stockport CCG,01W
Stoke On Trent CCG,05W
Sunderland CCG,00P
Surrey Downs CCG,99H
Surrey Heath CCG,10C
Sutton CCG,08T
Swale CCG,10D
Swindon CCG,12D
Tameside And Glossop CCG,01Y
Telford And Wrekin CCG,05X
Ter Manchester Commissioning Hub,14J
Thanet CCG,10E
Thurrock CCG,07G
Tower Hamlets CCG,08V
Trafford CCG,02A
Vale Of York CCG,03Q
Vale Royal CCG,02D
Wakefield CCG,03R
Walsall CCG,05Y
Waltham Forest CCG,08W
Wandsworth CCG,08X
Warrington CCG,02E
Warwickshire North CCG,05H
West Cheshire CCG,02F
West Essex CCG,07H
West Hampshire CCG,11A
West Kent CCG,99J
West Lancashire CCG,02G
West Leicestershire CCG,04V
West London CCG,08Y
West Norfolk CCG,07J
West Suffolk CCG,07K
Wigan Borough CCG,02H
Wiltshire CCG,99N
"Windsor, Ascot And Maidenhead CCG",11C
Wirral CCG,12F
Wokingham CCG,11D
Wolverhampton CCG,06A
Wyre Forest CCG,06D