Bexley Care Trust,TAK
Birmingham Community Healthcare NHS Foundation Trust,RYW
Black Country Partnership NHS Foundation Trust,TAJ
Blackburn With Darwen Teaching Care Trust Plus,TAP
Bradford District Care NHS Foundation Trust,TAD
Bridgewater Community Healthcare NHS Foundation Trust,RY2
Cambridgeshire Community Services NHS Trust,RYV
Camden and Islington NHS Foundation Trust,TAF
Central and North West London NHS Foundation Trust,RV3
Central London Community Healthcare NHS Trust,RYX
Cumbria Partnership NHS Foundation Trust,RNN
Derbyshire Community Health Services NHS Foundation Trust,RY8
Dorset Healthcare University NHS Foundation Trust,RDY
Gloucestershire Care Services NHS Trust,R1J
Hertfordshire Community NHS Trust,RY4
Hounslow and Richmond Community Healthcare NHS Trust,RY9
Kent Community Health NHS Foundation Trust,RYY
Lancashire Care NHS Foundation Trust,RW5
Leeds Community Healthcare NHS Trust,RY6
Lincolnshire Community Health Services NHS Trust,RY5
Liverpool Community Health NHS Trust,RY1
Manchester Mental Health and Social Care Trust,TAE
Norfolk Community Health and Care NHS Trust,RY3
North East Lincolnshire Care Trust Plus,TAN
Northumberland Care Trust,TAC
Pennine Care NHS Foundation Trust,RT2
Sheffield Health & Social Care NHS Foundation Trust,TAH
Shropshire Community Health NHS Trust,R1D
Solent NHS Trust,R1C
Solihull Care Trust,TAM
Staffordshire and Stoke On Trent Partnership NHS Trust,R1E
Sussex Community NHS Foundation Trust,RDR
Torbay and Southern Devon Health and Care NHS Trust,R1G
Torbay Care Trust,TAL
Wirral Community NHS Foundation Trust,RY7
Worcestershire Health and Care NHS Trust,R1A
Worcestershire Mental Health Partnership NHS Trust,RWQ