Anglia Commissioning Support Unit,0AP
Arden And Greater East Midlands Commissioning Support Unit,0DE
Central Eastern Commissioning Support Unit,0CG
Central Midlands Commissioning Support Unit,0AD
Embed Health Consortium,0DH
Midlands And Lancashire Commissioning Support Unit,0CX
Nel CSU,0DJ
North And East London Commissioning Support Unit,0AQ
North Of England Commissioning Support Unit,0AR
Optum Health Solutions (Uk) Limited,0DG
South East Commissioning Support Unit,0DC
"South, Central And West Commissioning Support Unit",0DF
Staffordshire And Lancashire Commissioning Support Unit,0CH
Surrey And Sussex Commissioning Support Unit,0CC