118 LIMITED,AFX
12 POINT CARE LIMITED,AK9
152 HARLEY STREET LTD,DCK
18 WEEK SUPPORT GASTROENTEROLOGY LLP,DAL
18 WEEK SUPPORT LLP,AVP
188 HQ,NGG
1-GREATLIFE LTD,NX8
1POINT (NORTH WEST) LIMITED,AML
1ST CARE CUMBRIA LTD,ANL
3 SPIRES MSK SERVICE,NFX
360 CARE LTD,AAF
3V HEALTHCARE LIMITED,DEF
A H PANJVANI (MODERN EYE CENTRE),NRM
A&Z WOUNDS LIMITED,NAO
ABACUS PHYSIOTHERAPY LTD,NCU
ABBEY HOSPITALS,NTF
ABBEY SEFTON HOSPITAL (UNIVERSITY HOSPITAL AINTREE),NMW
ABLE 2 OCCUPATIONAL THERAPY SERVICES LTD,AVH
ABOUT HEALTH,NPR
ACCELERATE HEALTH CIC,NAY
ACCIPITER LIMITED,AAP
ACCREDO SUPPORT & DEVELOPMENT LTD,AWX
ACCURX,DEP
ACHILLES CENTRE LIMITED,NEO
ACHOR HEALTHCARE LIMITED,AE9
ACROSS LEICESTER HEALTH LTD,DE0
ACTION FOR CHILDREN,AYW
ACTION FOR DEAFNESS,NWT
ACUITUS MEDICAL LTD,DEY
ADDACTION,NI3
ADDITIONAL COMMUNITY MEDICAL SERVICES LTD,AGL
ADHD NORTH WEST,NJE
ADVANCE PHYSIOTHERAPY,ACW
ADVANCED DIAGNOSTICS SERVICES LIMITED,DDN
ADVOCACY,AYX
AECC SOUTHAMPTON,NBE
AECC SPECIAL IMAGING,NKH
AESTHETIC BEAUTY CENTRE UK LTD,DGV
AFFINITY HEALTHCARE,NML
AGILAFLEX HEALTHCARE LTD,NKN
AIR LIQUIDE LIMITED,NY1
AIR PRODUCTS HEALTHCARE,NYV
AK MEDICAL MANAGEMENT LIMITED,NXN
ALBA CHIROPRACTIC CLINIC HQ,NJY
ALEC MING,NAQ
"ALECRIM, ERNAMI COSTA (HYPNOTHERAPY, PSYCHOTHERAPY & SPORTS MASSAGE)",NJB
ALEXANDER HOUSE,NTW
ALEXIN HEALTHCARE LTD,AAN
ALIGIE LTD,NIK
ALISTAIR KINSEY LTD HQ,NGM
ALL HALLOWS HOSPITAL,NN6
ALLIANCE FOR BETTER CARE LTD,AMW
ALLIANCE MEDICAL,NT9
ALLIANCE PSYCHOLOGY SERVICES LTD,NJG
ALLIANCE SURGICAL PLC,DFK
ALLIED HEALTH PROFESSIONALS SUFFOLK CIC,NEC
ALLIED HEALTH SOUTH LINCOLNSHIRE LIMITED,DD1
ALLIED HEALTHCARE GROUP,AAW
ALPHA HOSPITALS,NVR
ALPHA PARAMEDIC & AMBULANCE SERVICE LTD,NDF
ALS COSMETIC LASER CLINIC,APC
AMBICORP LTD,APW
AMBITIONS PERSONNEL,NFN
AMBULANT PHYSIOTHERAPY LTD,ADY
AMBULATORY SURGERY INTERNATIONAL,DEJ
AMELANCHIER OSTEOPATHIC & SPORTS INJURY CLINIC,NIC
AMP HEALTHCARE LTD,AMT
AMPLIFON HQ,NGH
AN APPLE A DAY LIMITED HQ,NHH
ANATOMIE HEALTHCARE LIMITED,AJ7
ANCHOR PSYCHIATRY GROUP,DAE
ANESI HEALTHCARE LTD,AQ1
ANGEL AND BOWDEN,NKK
ANGEL CHIROPODY & PODIATRY (HQ),AHJ
ANGLIA COMMUNITY EYE SERVICE LTD,NX5
ANGLIAN COMMUNITY ENTERPRISE COMMUNITY INTEREST COMPANY (ACE CIC),NQ1
ANGLIAN MEDICAL MUSCULOSKELETAL,NDP
ANN PHYSIOCARE LTD,ALT
ANNE STAGG HYPNOTHERAPY,AKC
APP-MED LTD,DAV
ARCH HEALTH COMMUNITY INTEREST COMPANY,DET
"ARDEN, HEREFORDSHIRE & WORCESTERSHIRE PRIMARY EYECARE LIMITED",AF5
ARDENS LTD,ACC
ARGYLE HEALTH GROUP LIMITED,DHV
ARKANUM,NNQ
ARNOLD MEDICAL CENTRE,NCX
ARTHUR RANK HOSPICE CHARITY,ARH
ASH PHYSIOTHERAPY & SPORTS INJURY CLINIC LTD,AP0
ASHBOURNE PHYSIOTHERAPY & SPORTS INJURIES CLINIC LIMITED,ATT
ASHFORD THERAPY & REHABILITATION ALLIANCE LTD,DG2
ASPEN HEALTHCARE LIMITED,NYW
ASSISTED CONCEPTION UNIT LTD,AA6
ASSOCIATED PHYSIOTHERAPY PARTNERSHIP LTD,AR0
ASSURA BLACKPOOL LLP,NVF
ASSURA CHELMSFORD LLP,NWK
ASSURA COVENTRY LLP,NY5
ASSURA DERWENTSIDE LLP,NV9
ASSURA EAST RIDING LLP,NYT
ASSURA HAMPSHIRE,NYH
ASSURA HARTLEPOOL LLP,NY8
ASSURA KINGSTANDING,NNT
ASSURA LEEDS LLP,NWH
ASSURA LIVERPOOL LLP,NPN
ASSURA MINERVA LLP,NND
ASSURA NORTH LANCS LLP,NY4
ASSURA READING LLP,NXE
ASSURA STOCKTON LLP,NY9
ASSURA VERTIS URGENT CARE CENTRES (BIRMINGHAM),NL7
ASSURA WANDLE LLP,NXC
ASSURA WEST LEICESTERSHIRE LLP,NXD
ASSURA WILTSHIRE LLP,NWD
ASSURA WYRE FOREST LLP,NVY
ASTON HEALTHCARE LTD,NKW
AT MEDICS LTD,AF0
ATLAS PHYSIOTHERAPY LTD,ACT
ATOS HEALTHCARE,NTJ
ATRIUM HEALTH LTD,DCD
AVENUE OSTEOPATHS,AP6
BABY WAYS COMMUNITY INTEREST COMPANY,NRG
BACK2HEALTH PARTNERSHIP,NKE
BADDOW HOSPITAL LTD,AND
BANES ENHANCED MEDICAL SERVICES + LTD,NEI
BARCHESTER HEALTHCARE LTD,DAM
BARNET COMMUNITY SERVICES,NRE
BARNSLEY HEALTHCARE FEDERATION CIC,ATY
BASFORD CONSULTING LIMITED,NX3
BATEMAN KILDARE LIMITED,NLB
BATH FERTILITY CENTRE LTD,ADL
BAXTER HEALTHCARE,NTQ
BAYWATER HEALTHCARE LTD,ADA
BB HEALTHCARE SOLUTIONS LTD,AVJ
BEACON COUNSELLING,DA6
BEACON HEALTH STRATEGIES UK LIMITED,APL
BEACON MEDICAL SERVICES GROUP LIMITED,NRP
BEACON PRIMARY CARE,NJA
BEACON PRIMARY CARE GPSI SERVICES,DGE
BEAUMOND HOUSE COMMUNITY HOSPICE,DJJ
BEEHIVE SOLUTIONS LTD,ADW
BEEZEE BODIES C.I.C,ATJ
BEGG PRACTICE,ATL
BELLA VOU,DDA
BENENDEN HOSPITAL,NWF
BERKSHIRE PRIMARY CARE LTD,ARR
BESPOKE HEALTHCARE LTD,NP9
BEST HEALTH CLINICS LIMITED,DCA
BEST PRACTICE (SOUTH OF ENGLAND) LIMITED,AT6
BESTCARE DIAGNOSTICS,DDV
BETHESDA MEDICAL CENTRE,NWM
BEXHILL LOCUM,DF6
BEXLEY HEALTH LIMITED,NP0
BEXLEY HEALTH NEIGHBOURHOOD CARE CIC,DFJ
BEXLEYHEATH CHIROPRACTIC CLINIC LTD,NHP
BHR GP SOLUTIONS,DD5
BIG PRACTICE LIMITED,ATN
BIG WHITE WALL,NKQ
BIKUR CHOLIM LTD,DHA
BIRCHWOOD PRIVATE PHYSIOTHERAPY POOLE LTD,AX7
BIRMINGHAM MENTAL HEALTH CONSORTIUM,ALR
BISHOPS STORTFORD CHIROPRACTIC CLINIC,DJM
BLACKBERRY CLINIC,AD0
BLEMISH CLINIC,NWP
BLUE STAR MEDICAL SERVICES LTD,AEL
BLUEBIRD CARE MENDIP,DH4
BLUESKY ORTHOPAEDIC LTD,AV0
BMI HEALTHCARE,NT4
BOC LTD,NAD
BODY BALANCE,NDV
BODY LOGIC PHYSIOTHERAPY,NFD
BODYWORKS CHIROPRACTIC CLINIC LTD,NGS
BOLTON COMMUNITY PRACTICE,NRT
BOLTON GP FEDERATION LTD,AWC
BOOTS HEARINGCARE LTD,NEL
BOOTS UK LIMITED,AAA
BOSTON AREA MEDICAL SERVICES,NNX
BOSTON PHYSIOTHERAPY LTD,DAQ
BOURN HALL LTD,AY7
BOURNEMOUTH 1 DOMICILIARY SPECSAVERS (HQ),AVW
BRACKLEY HOSPITAL,NMF
BRADFORD CARE ALLIANCE CIC,DHG
BRADFORD PHYSIOTHERAPY CLINIC LTD,AQC
BRAINTREE CLINICAL SERVICES LIMITED,ADG
BREASTFEEDING NETWORK,NNN
BRENTWORTH LOCALITY LIMITED.,AKJ
BREWOOD MEDICAL SERVICES LTD,NIB
BRIDGEGATE SURGICAL SERVICES,NO1
BRIDGEND CLINIC,NNY
BRIDGEWATER HOSPITAL (MANCHESTER) LTD,NMP
BRIGHTON & HOVE WELLBEING SERVICE,NFP
BRISDOC HEALTHCARE SERVICES LTD,NBP
BRISTOL AMBULANCE EMS,DG8
BRISTOL COMMUNITY HEALTH,NLW
BRISTOL LASER VISION,ACK
BRISTOL MENTAL HEALTH,AYL
BRISTOL PLASTIC SURGERY LTD,NJX
BRISTOL UROLOGY ASSOCIATES,AQL
BRITISH COLLEGE OF OSTEOPATHIC MEDICINE,NKU
BRITISH PREGNANCY ADVISORY SERVICE (BPAS) HEAD OFFICE,NT1
BROCKLEBANK GROUP PRACTICE (HQ),AN2
BROMLEY GP ALLIANCE LTD,ATP
BROMLEY HEALTHCARE,NQV
BROMSGROVE HEALTHCARE INNOVATIONS LTD,NQ0
BROMSGROVE PHYSIOTHERAPY LTD,ADV
BROOK YOUNG PEOPLE,NQ5
BROOKDALE HEALTHCARE LTD (T/A BROOKDALE CARE),NQ9
BUCKS GP ACCESS CENTRE,DGF
BUPA CSH LTD,AJM
BUPA GROUP,NV7
BURRSWOOD HOSPITAL,NQG
BURTON AND DISTRICT MIND,DA4
BURY GP PRACTICES LIMITED,ARW
BUTTERWICK HOSPICE,DAN
B-WELL THERAPY LIMITED,AK0
C M K THERAPY,NQQ
CADMAS LTD.,AEE
CAMBIAN ANSEL CLINIC,NPA
CAMBIAN CHILDCARE LIMITED,DFL
CAMBIAN HEALTHCARE LIMITED,NTT
CAMBRIDGE PERFUSION SERVICES,NI4
CAMBS & PETERBOROUGH SERVICES,NBY
CANCER CARE,AAL
CANCER PARTNERS UK LIMITED,AHC
CAPIO UK,NT8
CAPITAL PHYSIO LIMITED,DD7
CARDIOCOM (UK) LIMITED,NBX
CARDIUM LTD,APY
CARE & CUSTODY (HEALTH) LTD,AGX
CARE + LTD,UXJ
CARE ASSURE NORTHAMPTON LTD,NFE
CARE PLUS GROUP,NL3
CARE UK,NTP
CARE UK CLINICAL SERVICES SE,NT6
CARERS CENTRE NEWCASTLE,ACF
CARERS TRUST 4ALL,DFN
CAREY THERAPY,NI2
CASP PSYCHOLOGY SERVICES,NLI
CASTLEBECK CARE TEESDALE LTD,NDQ
CASTLEMAN HEALTHCARE FEDERATION LTD,DA9
CATHEDRAL CHIROPRACTIC,NIY
CAVENDISH IMAGING LTD,AGF
CEDAR PARK HEALTHCARE,NBQ
CENTRAL DURHAM GP PROVIDERS LTD,AXR
CENTRAL LONDON HEALTHCARE LTD,NM2
CENTRAL LONDON OSTEOPATHY,NQC
CENTRAL LONDON PRIMARY CARE COUNSELLORS,ANJ
CENTRAL NOTTINGHAMSHIRE CLINICAL SERVICES LTD,NJS
CENTRAL4HARINGEY,AQ4
CENTRE FOR PSYCHOLOGY LIMITED,ANV
CENTRE FOR SIGHT LIMITED,NGT
"CHANGE, GROW, LIVE",NMS
CHANGING FACES,NMB
CHANGING MINDS PARTNERSHIPS,NRW
CHARING MEDICAL PARTNERSHIP,ACE
CHARING PRACTICE LTD,ACD
CHARTER MEDICAL SERVICES,NRQ
CHARTWELL PRIVATE HOSPITALS LTD,NYY
CHATTERBUG LTD,DJK
CHEC,NCV
CHELMER HEALTHCARE LTD,AJW
CHELMSFORD MEDICAL CENTRE,NQJ
CHELSEA MEDICAL - DR ROSE'S FAMILY PRACTICE,ARQ
CHENIES HEALTHCARE LTD,NJU
CHESHIRE PRIMARY CARE PROVIDER CIC,NAS
CHESTER LE STREET HEALTH LIMITED,DHJ
CHESTERFIELD HEALTH PROVIDER LTD,AMV
CHESWOLD PARK HOSPITAL,NRN
CHILD ACTION NORTHWEST (CANW),DA0
CHILD DYNAMIX,AV2
CHILD IN MIND LTD,DE7
CHILD PSYCHIATRY UK LTD,DAD
CHILDREN AND YOUNG PEOPLE'S HEALTH PARTNERSHIP,DEW
CHILDREN'S RESPITE CARE LTD HQ,NHN
CHILTERN VALE HEALTH (2012) LLP,NNK
CHIME SOCIAL ENTERPRISE,NX0
CHIME SOCIAL ENTERPRISE CIC,NRH
CHIRO HEALTH LIMITED,NFU
CHIROPRATIC HEALTH CENTRES LIMITED,NIQ
CHISWICK HEALTHCARE LIMITED,AKG
CHITTS HILL PHYSIOTHERAPY,NEG
CHLOE CARE LIMITED,NQN
CHOICE LIFESTYLES LTD,NAW
CHORLEY MEDICS LTD,AFD
CHRISTCHURCH GROUP,NRY
CIRCLE,NV3
CITY AND HACKNEY MIND,DH0
CITY HEALTH CARE PARTNERSHIP CIC,NNF
CITY WAY OSTEOPATHIC CLINIC,NI5
CLACTON CHIROPRACTIC CLINIC (PHYSMED LTD),NHI
CLAREMONT & ST HUGH'S HOSPITALS (HMT),NTE
CLAREMONT MEDICAL PRACTICE,DD4
CLARITY (YORKSHIRE) LIMITED,DDL
CLASSIC HOSPITALS LTD,NTH
CLATTERBRIDGE PHARMACY LTD,AQE
CLEMITSONS LTD,NER
CLINIC NINE,AWN
CLINICAL COLLECTIVE LIMITED,DCF
CLINICAL DIAGNOSTIX LTD,AH9
CLINICARE PROVIDER SERVICES LIMITED,DJC
CLINICARE PROVIDER SERVICES LIMITED,DJG
CLOSER HEALTHCARE LTD,NGV
CLOVER HEALTH LIMITED,DGG
COASTAL CLINICS,ACL
COASTAL HEALTH CARE LTD,NYP
COBALT HEALTH,AC7
COGGESHALL AND COLCHESTER CHIROPRATIC HQ,NGF
COLCHESTER OSTEOPATHIC CENTRE,NGB
COLCHESTER PHYSIOTHERAPY HQ,NFV
COLEMANS HEARING AND VISION CENTRE,ATG
COMBINE OPCO LIMITED,AX4
COMMUNITAS CLINICS,NLG
COMMUNITY COLPOSCOPY SERVICES LTD,AGJ
COMMUNITY COUNSELLING COOPERATIVE CIC,DCJ
COMMUNITY DENTAL SERVICES CIC,NRR
COMMUNITY GLAUCOMA PARTNERSHIP,NIF
COMMUNITY HEALTH AND EYECARE LIMITED,AAV
COMMUNITY HUB OPERATING CENTRE (CHOC),DFH
COMMUNITY LINKS (NORTHERN) LTD,NHV
COMMUNITY PSYCHIATRIC NURSING,AYT
COMMUNITY SPECIALIST CLINICS (CSC),NIG
COMPASS WELLBEING COMMUNITY INTEREST COMPANY,AA5
COMPLETE COMMUNITY CARE (SOLENT) LIMITED,DA7
COMPLETE SURVEYING SOLUTIONS LTD,AJ0
COMPLEX CARE HEAD OFFICE,AGM
CONCORDIA COMMUNITY OUTPATIENTS LTD,NHT
CONCORDIA HEALTH GROUP LIMITED,ADT
CONNECT PHYSICAL HEALTH,NMG
CONSULTANT EYE SURGEONS PARTNERSHIP (CANTERBURY) LLP,AER
CORE CARE LINKS LTD,APT
CORE MEDICAL SOLUTIONS LTD,AEN
CORNERSTONE MEDICAL HOLDINGS LIMITED,AHD
CORNWALL COMMUNITY ECHO SERVICE,NGY
CORNWALL HOSPICE CARE LIMITED,AQT
COSMEDICS SKIN CLINICS,DH5
COTSWOLDS SURGICAL PARTNERS LLP,DFY
COTTER LAUBIS PARTNERS,AA9
COUNSELLING IN PARTNERSHIP LTD,NGC
COUNSELLING TEAM LTD,NAF
COURTYARD CONTINUING CARE LTD,AKF
COVENTRY & RUGBY GP ALLIANCE LIMITED,APR
COVENTRY AND WARWICKSHIRE DIAGNOSTIC SERVICES LIMITED,NIS
CREATE HEALTH LIMITED,AP9
CRG MEDICAL SERVICES LTD,AVM
CROFTLANDS TRUST LIMITED,AQP
CROWN COSMA CLINIC LIMITED,NL9
CROYDON GP COLLABORATIVE LTD,DEH
CRYSTAL PALACE PHYSIO GROUP,NWC
CSH SURREY,NTV
CUMBRIA MEDICAL SERVICES,ACA
CUPRIS LTD,AC9
CUROCARE LTD HEAD OFFICE,AHQ
CYGNET HEALTH CARE LIMITED,NMJ
DACORUM HEALTHCARE PROVIDERS LTD,AWG
DANSHELL GROUP HEAD OFFICE,AG0
DANUM MEDICAL SERVICES LTD,AT8
DAUGHTERS OF THE CROSS OF LIEGE,NM5
DAVID COOK PHYSIOTHERAPY LTD,NBV
DAVID ORMEROD HEARING CENTRES LIMITED,NM3
DAYCASE UK,DEK
DEANBROOK LLP,APV
DEBBIE WATT OSTEOPATHY & ACUPUNCTURE,NI1
DEEPING OSTEOPATHS,NJI
DEERNESS PARK MEDICAL GROUP,NFI
DEFENCE MEDICAL SERVICES,DDG
DELPHI MEDICAL LTD,AKQ
DEPENDABILITY LTD,ACJ
DERBYSHIRE HEALTH UNITED LTD,NNJ
DERMAN,DH8
DERWENTSIDE HEALTHCARE LIMITED,ATC
DEVON DOCTORS LTD,NQW
DIAGNOSTIC HEALTHCARE LTD,NEM
DIAGNOSTIC WORLD LTD,NEP
DIRECT LOCAL HEALTH,NXG
DIRECT MEDICAL IMAGING LTD,NBM
DIRECT MEDICARE UK LTD,DGJ
DISC (DEVELOPING INITIATIVES SUPPORTING COMMUNITIES),AJ6
DIXON AND HALL LTD,NEV
DMC COMMUNITY OUTPATIENT SERVICES,NCN
DOLBY MEDICAL HOME RESPIRATORY CARE LTD,NCQ
DORKING HEALTHCARE LIMITED (DHC),NNE
DOROTHY HOUSE HOSPICE CARE,AXM
DORSET DIAGNOSTICS LTD,NDY
DOVER COUNSELLING CENTRE HQ,AJA
DOVER STREET DOCTORS,AEM
DR A CHAMBERS' MEDICAL PRACTICE,NRJ
DR A W BAKER - ASHWOOD ASSOCIATES,AY8
DR BIALAS PRIVATE ROOMS LONDON,DCL
DR MONK LTD,NDX
DR ROB BASKIND (PSYCHIATRIST),AY2
DRS BOREHAM AND ROWLEY,DGD
DURHAM DALES HEALTH FEDERATION,ANQ
DURNFORD DERMATOLOGY,NVL
EAGLE CARE ALTERNATIVES LTD,AWY
EALING GP LTD,ALG
EAST 17 HEALTHCARE LIMITED,NIJ
EAST COAST COMMUNITY HEALTHCARE C.I.C,NAX
EAST KENT MEDICAL SERVICES LTD,NN8
EAST KENT REHABILITATION ALLIANCE LIMITED,AR9
EAST LANCASHIRE DEAF SOCIETY,NHL
EAST LANCASHIRE MEDICAL SERVICES LTD,AC0
EAST LANCASHIRE UNION OF GPS LIMITED,DAK
EAST QUAY HEALTH LTD,AKN
EAST RIDING FERTILITY SERVICES LTD,NAJ
EAST SUSSEX OUTPATIENT SERVICES LIMITED (ESOPS),AP2
EASTBOURNE HEALTHCARE PARTNERSHIP,NRK
EASTWOOD ENDOSCOPY CENTRE,AWA
EASY IMAGING AND MRI,APP
EBOR CLINICAL SERVICES LIMITED,NXH
ECARESERVE LTD,NAB
ECHOGENICITY LIMITED,NGL
ECHOTECH LTD,NWA
EDENSGATE HYPNOTHERAPY,DAT
EDICS,NED
ELM ALLIANCE LIMITED,DEN
E-LOGICA LTD,NCK
ELYSIUM HEALTHCARE,DE8
EMIS CARE,NP2
E-NCOMPASS HEALTH LIMITED,DC4
ENDOSCOPE-I LTD,DFD
ENFIELD HEALTH PARTNERSHIP LIMITED,NAN
ENFIELD HEALTHCARE ALLIANCE LIMITED,AVG
ENFIELD ONE LIMITED,DF0
ENFIELDGP HEALTHCARE NETWORK LTD,AGW
ENGLISH INSTITUTE OF SPORT LTD,ALV
ENHANCED OPTOMETRY SERVICES LTD.,AD8
EPAU SERVICE - DEMONTFORT SURGERY,DDC
EPSOMEDICAL GROUP,NVM
EQUILIBRIUM HEALTHCARE,AHN
EREWASH HEALTH LIMITED,AXP
ESS PRIMARY CARE SOLUTIONS,NCD
ESSENZE,AXX
ESSEXULTRASOUND & MEDICAL SERVICES LTD,NUC
ESTEVE TEIJIN,NPL
EVERYONE HEALTH,ATR
EVOLUTIO CARE INNOVATIONS LTD HQ,NGU
EXCELL ULTRASOUND LTD,NGP
EXE ESTUARY HEALTH LTD,DAF
EXERCISE REFERRAL/COMMUNITY WEIGHT MANAGEMENT/MATERNITY LIFESTYLE PROGRAMME - SOUTH TYNESIDE COUNCIL,AK8
EXETER MEDICAL LTD,NQ6
EXPRESS DIAGNOSTIC IMAGING LTD,AY9
EXPRESS DIAGNOSTICS,NCL
EXTENDED MINOR SURGERY SERVICE,DG9
EYE CARE MEDICAL LTD,ACM
FAIRFIELD HOSPITAL,NVG
FAIRLEY ENT KENT,NYQ
FAIRVIEW HEALTH LTD,DHD
FAREHAM AND GOSPORT PRIMARY CARE ALLIANCE LTD,AQW
FAVERSHAM COUNSELLING SERVICE LTD,NIW
FAVERSHAM MEDICAL PRACTICE MIU,AQM
FCMS (NW) LTD,NXL
FELTHAM AND BEDFONT LOCALITY LIMITED,ALA
FERNEHAM HEALTH LIMITED,NBN
FESTIVAL MEDICAL SERVICES,AGC
FIRST CALL GP LIMITED,AY5
FIRST CHOICE HEALTH LTD,NVN
FIRST COMMUNITY HEALTH AND CARE CIC,NDJ
FIRST TRUST HOSPITAL,NN3
FITTLEWORTH MEDICAL LTD,AYM
FOCUS INDEPENDENT ADULT SOCIAL WORK C.I.C,ATX
FOOTCAB LTD,ANT
FORTIS HEALTHCARE LTD,NVQ
FORTIUS CLINIC,ACP
FOSCOTE COURT (BANBURY) TRUST LTD,AHH
FRATERDRIVE LTD,NL6
FREEDOM MEDICAL CARE,NHQ
FREEFLOW COUNSELLING SERVICE,DA1
FREEMAN CLINICS LIMITED,NMO
FRESENIUS MEDICAL CARE (UK) LTD,NTM
FRONTIERE MEDICALE EUROPE,DHP
FUSION RADIOLOGY LIMITED,DF3
FUTURE DIRECTIONS C.I.C,NJH
FUTURE PROOF HEALTH LIMITED,AP5
G HILL LTD,NJK
G4S CARE AND JUSTICE SERVICES HQ,NDD
G4S FORENSIC AND MEDICAL SERVICES,AHW
GASTRO CARE LTD,NYD
GATESHEAD COMMUNITY BASED CARE LTD,NHY
GATEWAY PRIMARY CARE CIC LIMITED,NRV
GDOC LTD,ARM
GEECOL WELLNESS LTD,NBC
GENEIX LTD,AJF
GENERAL MEDICAL CLINICS LTD (GENMED),NW7
GENERAL PRACTICE ALLIANCE LIMITED,APA
GENERATING HEALTHCARE LTD,AK5
GENIX HEALTHCARE LIMITED,NIH
GENNET HQ,NLK
GEOFFREY LLOYD FOULKES CLINIC,UJ4
GLADSTONES CLINIC LTD,DHC
GLEN CARE,AHY
GLOBAL DIAGNOSTICS,NYR
GLOBAL TRANSLATION SERVICES LIMITED,AWE
GLOUCESTER GP CONSORTIUM LTD,APM
GLOUCESTERSHIRE GP PROVIDER COMPANY LTD,NNO
GM PRIMARY EYECARE LIMITED,AFW
GOOD SKIN DAYS LTD,AHF
GP CARE SERVICES LTD,AV5
GP CARE UK LIMITED,NWV
GP HEALTH CONNECT LTD,DDY
GP HEALTH PARTNERS LTD,ATK
GP HEALTHCARE ALLIANCE LTD,AJV
GP PRIMARY CHOICE LTD,AAQ
GRAFTON MEDICAL PARTNERS (HQ),AN4
GRAPECROFT CARE HOME,NI9
GREAT GLENS FACILITY LTD,NFM
GREAT WEST ROAD HEALTHCARE LIMITED,AKH
GREATER PETERBOROUGH NETWORK LTD,AV3
GREENBANKS HOMECARE LTD,NM9
GREENBROOK HEALTHCARE,AD9
GREENBROOK HEALTHCARE,DD2
GREENWICH HEALTH LIMITED,DCX
GREYSTONE PHYSIOTHERAPY CLINIC LTD,ALL
GROSVENOR PHYSIOTHERAPY LTD,NI8
GRYPHON HEALTH LLP,NPW
GTD HEALTHCARE,NW0
GUIDEPOST LTD,DD3
GUTCARE.ORG LTD,DJ3
H M PARTNERSHIP LLP,AE4
H S PHYSIOTHERAPY LTD,NKX
H&FGPF LIMITED,AKK
HACS COUNSELLING SERVICE,NCO
HADRIAN PRIMARY CARE ALLIANCE,DJL
HAILADOC,DGN
HAKIM OSTEOPATHS LIMITED,NIP
HALTWHISTLE MEDICAL GROUP,NBJ
HAMBLETON RICHMONDSHIRE AND WHITBY GP ALLIANCE LTD,ALQ
HAND TO ELBOW CLINIC,NEJ
HARINGEY ADVISORY GROUP ON ALCOHOL (HAGA),AJ9
HARMONI,NPT
HARMONI FOR HEALTH,NR2
HARMONIC MEDICAL SONOGRAPHY LIMITED,DG7
HARNESS CARE CO-OPERATIVE LIMITED,AHV
HARRODS LTD,AX9
HARROW HEALTH CIC,NYM
HARTLEPOOL AND EAST DURHAM MIND,NFL
HARTLEPOOL AND STOCKTON HEALTH LTD,DAC
HARVEY HOUSE SOCIAL ENTERPRISE LTD,NR8
HARVEY ROAD CLINIC - GPWSI,AV8
HAVERING COMMUNITY GYNAECOLOGY SERVICE,AE7
HAVERING HEALTH LTD,AKL
HAVERING PRIMARY CARE ENT SERVICE,ADQ
HAVERSTOCK HEALTHCARE,NEH
HAWK EYE VENTURES LIMITED,ART
HAXBY GROUP,NVV
HCA INTERNATIONAL,NW6
HEADWAY DORSET,ADJ
HEADWAY LUTON LTD,DHN
HEALOGICS LTD,AAD
HEALTH 4 CRAWLEY LTD,NXA
HEALTH AND LIFESTYLE RESEARCH UNIT HQ,AQ5
HEALTH BRIDGE LIMITED,AEK
HEALTH FIRST ALW COMMUNITY INTEREST COMPANY,APN
HEALTH INTELLIGENCE LTD,DF9
HEALTHCARE AT HOME,NXJ
HEALTHCARE LOCATION,NP4
HEALTHCARE LOCATION LTD,NJN
HEALTHHARMONIE LIMITED,NO0
HEALTHSHARE LTD,NMK
HEALTHSPACE SOUTH,ADC
HEALTHSTONE MEDICAL LTD,AMY
HEALTHY LONDON PARTNERSHIP,DD9
HEARBASE LTD,NVX
HEART MEDICAL,DAG
HEART NETWORKS,NRL
HEARUS CLINICS LTD,DGP
HEATHBRIDGE PRACTICE (HQ),ANA
HEATHER HALL HYPNOTHERAPY HQ,AX1
HEM CLINICAL ULTRASOUND SERVICE LIMITED,ALH
HENDON EYECARE OPTICIANS,AXH
HERE,NWX
HEREFORD OSTEOPATHIC PRACTICE LTD,NE0
HERITAGE HEARING,NNP
HERTFORDSHIRE EYE HOSPITAL,NKS
HERTS HEALTH LTD,NW2
HERTS HEALTH RESPIRATORY,NW3
HERTS MIND NETWORK,NO4
HIDDEN HEARING LIMITED,AAT
HILLINGDON ACTION GROUP FOR ADDICTION MANAGEMENT,NQP
HILLINGDON HEALTH LIMITED,NPV
HILLINGDON MIND,AWW
HINCKLEY & BOSWORTH MEDICAL ALLIANCE LIMITED,AJQ
HOBBS REHABILITATION LIMITED,DDR
HODDESDON AND HERTFORD COUNSELLING SERVICE,NDO
HOLBEACH AND EAST ELLOE HOSPITAL TRUST,AAY
HOLT PHYSIO LTD,DJ5
HOLYWELL HEALTHCARE,NLC
HORDER HEALTHCARE,NXM
HORIZON HEALTH,NV8
HOSPITAL OF ST JOHN AND ST ELIZABETH,NMM
HOUNSLOW GP FEDERATION CIC,AQ8
HOUSE OF LIGHT POSTNATAL DEPRESSION SUPPORT GROUP,AGH
HOYLAKE COTTAGE HOSPITAL,NMA
HUDDERSFIELD MEDICAL SERVICES LTD,NL4
HULL AND EAST YORKSHIRE MIND,DDF
HUMANITAS HEALTHCARE SERVICES LIMITED,AHK
ICALL CARE LTD,AFY
ICENI HEALTHCARE LIMITED,AG1
ID MEDICAL GROUP LTD,AKE
IESO DIGITAL HEALTH LTD,AM6
IGP CARE LTD,AVC
I-HEALTH,NIA
I'M OUT OF HERE LIMITED,DJ1
IMPERIAL COLLEGE HEALTH PARTNERS,DJ8
IMPROVING HEALTH LTD,AEW
INDEPENDENT COMMUNITY CARE MANAGEMENT LTD,AGK
INDEPENDENT HEALTH GROUP,NXP
INDEPENDENT VASCULAR SERVICES LTD,NNB
INFORM,NI6
INFORM HEALTH & FITNESS LTD,NIV
INGEUS UK LTD,AYE
INHEALTH LIMITED,NV1
INHEALTH PAIN MANAGEMENT SOLUTIONS LIMITED,NY6
INMED ENTERPRISE LTD,AW9
INMIND HEALTHCARE - HEAD OFFICE,AHL
INNOVATIONS IN PRIMARY CARE LIMITED,NWR
INSIDEVUE LIMITED,NHA
INSIGHT HEALTHCARE,NDC
INSPIRA HEALTH,ATW
INTEGRATED CARE 24 LTD,NVE
INTEGRATED CARE PARTNERSHIP,AYC
INTEGRATED COMMUNITY CARE LTD,ANN
INTEGRATED FAMILY HEALTHCARE LTD,DHH
INTELLIGENT PRESCRIBING SOLUTIONS LTD,AHG
INTERCOM TRUST,AWJ
INTERGRAL MEDICAL HOLDINGS IMH OR MALLING HEALTH,DJN
INTERHEALTH CANADA UK,NCJ
INTERHEALTH CARE SERVICES (UK) LTD,NTD
INTERHEARING LTD,ATF
INTERSERVE HEALTHCARE,AH8
INTRAHEALTH LTD,AA4
INVICTA HEALTH COMMUNITY INTEREST COMPANY,NYF
INVIZO LTD,NJV
IP&E (TRADING) LIMITED,ANK
IP&E LIMITED,ANG
IPLATO HEALTHCARE LIMITED,NNG
IPSCOM,NY3
IQ CARE LTD,AVE
ISIGHT,NCR
ISIS CHIROPRACTIC CENTRES,AAJ
IVRY STREET MINOR SURGERY UNIT,NY2
JAMES STREET CLINIC,NIR
JAYATI TARAFDER (AQP),NAR
JB PHYSIOTHERAPY,AWM
JEDHEATH LTD,NVJ
JEESAL AKMAN CARE CORPORATION LTD,NLN
JMA HEALTHCARE LTD,NFY
JOHN HETHERINGTON (AQP),NAP
JOHN LOW LTD,AXQ
JOHN MUNROE HOSPITAL,NL0
JOHN TAYLOR HOSPICE COMMUNITY INTEREST COMPANY,NR9
JORVIK PODIATRY LTD,AQD
JUDITH HANDLEY PHYSIOTHERAPY SERVICES,NHJ
K & W HEALTHCARE LTD,ANW
KALEIDOSCOPE PROJECT,NQ8
KEECH HOSPICE CHARITY,DC9
KEMP TOWN HEALTHCARE LTD,ADK
KERNOW HEALTH CIC,AYG
KESSON PHYSIOTHERAPY LTD,ALD
KEYSTONES MENTAL HEALTH SERVICES,AYH
KILBURN PRIMARY CARE CO-OP LIMITED,ANX
KIMS HOSPITAL,ADP
KING EDWARD VII'S HOSPITAL SISTER AGNES HQ,AHR
KINGS IFM,DEQ
KINGS LYNN CHIROPRACTIC CLINIC LTD,AJR
KINGSNORTH MEDICAL SERVICES LTD,ACV
KINGSTON GENERAL PRACTICE CHAMBERS LIMITED,APG
KINGSWINFORD PHYSIOTHERAPY CLINIC LTD,DGY
KIRTON LINDSEY SURGERY MCATS,AXW
KLEYN HEALTHCARE,NFO
KNOWLE WEST HEALTH PARK COMPANY,DEG
LAKELAND DIALYSIS LTD,NMU
LAKESIDE + LTD,AH7
LAKESIDE MEDICAL DIAGNOSTICS,NBI
LAMBETH COMMUNITY DIABETES SERVICE,NBW
LANCASHIRE CHILD HEALTH INFORMATION SERVICE,DE4
LANCASHIRE WOMEN'S CENTRES,AKR
LANCASTER HOUSE CONSULTING DIAGNOSTICS SURGICAL LTD,NLE
LANE PHYSIOTHERAPY CLINIC,NBS
LEA VALE MEDICAL GROUP (HQ),AMJ
LEA VALLEY HEALTH LTD,ANF
LEICESTER CITY CENTRAL HEALTHCARE LTD,AQX
"LEICESTER, LEICESTERSHIRE & RUTLAND PROVIDER COMPANY",NI0
LENTELLS LIMITED,AJ2
LEODIS CARE LIMITED,NNL
LEONG ENT LTD,AJK
LEWISHAM 4 HEALTH LTD,AW0
LEWISHAM HEALTHCARE LIMITED,AVX
LEWISHAM PRIMARY CARE PARTNERSHIP LIMITED,AVY
LEXDEN PHYSIOTHERAPY LTD,NHB
LEYBURN MEDICAL PRACTICE,DH9
LEYLAND PHYSIOTHERAPY,AA7
LIBERTY PHYSIO & REHAB LTD,NBL
LIFELINE PROJECT LTD,AAR
LIFESTYLE PHYSIOTHERAPY AND SPORTS INJURY CLINIC,NBA
LIGHTHOUSE HEALTHCARE LIMITED,NES
LINCOLN CHIROPRACTIC CLINIC,NCB
LINCOLNSHIRE AND DISTRICTS MEDICAL SERVICES,NBF
LINCOLNSHIRE EAST HEALTHCARE LIMITED,DEE
LINCS HEALTH LIMITED,AHA
LINIA LTD,DEV
LIVABILITY,NXW
LIVERPOOL GP PROVIDER ORGANISATION,DD8
LIVEWELL SOUTHWEST,NR5
LIVING WELL INTERNATIONAL CIC,DAH
LLOYDS PHARMACY CLINICAL HOMECARE,AW6
LLR PROVIDER COMPANY LTD,DAY
LOCAL CARE DIRECT,ARN
LOCAL INTEGRATED NETWORK OF CARE SERVICES HQ,AK6
LOCALA COMMUNITY PARTNERSHIPS CIC,NL8
LODESTONE PATIENT CARE,NVA
LOEWS HEALTHCARE LTD,AVF
LONDON CANCER - UCLPARTNERS,AAK
LONDON CENTRAL AND WEST UNSCHEDULED CARE COLLABORATIVE,NKB
LONDON EYE HOSPITAL LTD,AEC
LONDON MEDICAL ASSOCIATES LIMITED,APD
LONDON VISION CLINIC,DD0
LONDON WOUND HEALING CENTRES LTD,NVT
LONGVIEW PRIMARY SURGICAL SERVICES LTD,NCG
LOUGHBOROUGH PHYSIOTHERAPY AND SPORTS INJURIES CLINIC LTD,NGJ
LOWS PHARAMCY,NEX
LUDLOW STREET HEALTHCARE (HQ),AHX
LYME NHS CLINICAL SERVICES,NN9
LYMPHOEDEMA SPECIALIST SERVICES LTD,AP4
M & M (CHEMISTS) LTD,NET
M JOSEPH LTD,DAW
M.D & A.G BURDON LTD,NEW
MACMILLAN CANCER SUPPORT HQ,AG6
MAKING SPACE,NMQ
MALLING HEALTH UK LIMITED,ANH
MANCHESTER EYE AND COSMETIC CLINIC LIMITED,AW7
MANCHESTER FERTILITY SERVICES LIMITED,DFM
MANCHESTER MEDICAL SERVICES,DHR
MANCHESTER SURGICAL SERVICES LTD,NN5
MANOR PRIMARY CARE GPSI SERVICES,DGC
MAPLYN CARE SERVICES (MCS),NFK
MARIE STOPES INTERNATIONAL,NTG
MARS HEALTH CARE SERVICES UK LTD,DG4
MARSHGATE MEDICAL SERVICES LTD,NQD
MASTERCALL HEALTHCARE,NCE
MATRIX HEALTH SERVICES UK LIMITED,NAH
MEARS GROUP PLC,AMQ
MED IMAGING HEALTHCARE LIMITED,DEX
MEDCARE SOLUTIONS LIMITED,DJ4
MEDDIGITAL,DDX
MEDEFER,AY1
MEDICAL AND ORTHOPAEDIC SERVICES HQ,AG9
MEDICAL ILLUSTRATION UK LTD,AJJ
MEDICAL IMAGING PARTNERSHIP LTD,DC8
MEDICAL SKILLS CARE LTD,AL0
MEDICO PARTNERS LIMITED,AX8
MEDISCAN DIAGNOSTICS SERVICES LIMITED,NBG
MEDISICO CLINICS LTD,AMX
MEDWAY COMMUNITY HEALTHCARE,NQ7
MEDWAY PRACTICES ALLIANCE LTD (MPA),AVL
MEE HEALTHCARE,NKF
MENTAL HEALTH CARE (UK) LTD,AJE
MENTAL HEALTH CONCERN,APX
MENTAL HEALTH MATTERS,NO2
MERSEA ROAD CLINIC,NGI
MID AND NORTH ESSEX MIND,DD6
MID HAMPSHIRE HEALTHCARE LIMITED,ARA
MIDDLEWOOD LTD,AQ0
MIDLANDS EYE CARE LIMITED,AEF
MIDLANDS PSYCHOLOGY CIC,NRX
MILDMAY UK,NYE
MILLENNIUM HEALTH LTD,DE5
MILTON KEYNES URGENT CARE SERVICES CIC HQ,NPH
MIND CENTRE,NFG
MIND IN BEXLEY,AME
MIND IN MID HERTS,DAX
MINDMASTERS,AJD
MINOR OPS LTD,NX2
MITCHAM PHYSIOTHERAPY LTD,NKG
MK GP PHYSIOTHERAPY (B.J. WETHERELL LTD),NCA
MKGP LTD,DHL
MKGP PLUS LTD,DHK
MODALITY PARTNERSHIP,DHQ
MODUS CARE,NXQ
MOLECULAR IMAGING SOLUTIONS LTD (MIS),NV5
MOLNLYCKE HEALTHCARE LTD,NRA
MONMEDICAL LTD,ARX
MOUNTAIN HEALTHCARE LIMITED,AV9
MOUNTS BAY MEDICAL LTD,DGM
MR SIMON TYRELL (AQP),NAV
MR STEVE MAGUINESS (AQP),NAT
MUBEEN AHMED LOCUMS LTD,DFG
MULBERRY HEALTH LTD,NKY
MUNDESLEY HOSPITAL,AXL
MY GENERAL PRACTICE LIMITED,NWL
MYA COSMETIC SURGERY LIMITED,AWT
NABIDA CARE MANAGEMENT,NFA
NACRO,AYP
NAMRON CARE PROVIDER LTD,AQV
NATIONAL CENTRE FOR EATING DISORDERS,DFA
NATIONAL CENTRE FOR YOUNG PEOPLE WITH EPILEPSY,NMY
NATIONS HEALTHCARE LTD,NTA
NATURAL LOOK CLINIC,DE6
NAVAS,NNW
NAVIGATION SUPPORT & CARE SERVICES LTD,NIN
NAVIGO,NQL
NELSON HEALTH LTD,NW8
NEMS COMMUNITY BENEFIT SERVICES LTD,AGQ
NEMS HEALTHCARE,NLV
NENE COMMISSIONING COMMUNITY INTEREST COMPANY,NQE
NESTOR PRIMECARE SERVICES LTD,ATQ
NETCARE HEALTHCARE UK,NT7
NETWORK GROUP HOLDINGS LTD,DJD
NEW FOREST CLINICS LTD,NFS
NEW FOREST HEALTHCARE LTD,ARV
NEW FOREST PHYSIOTHERAPY CLINIC LTD,ANP
NEW HAYESBANK SURGERY CLINICS,AC6
NEW MEDICAL SYSTEMS LIMITED,ACG
NEW WAVES INTEGRATED CARE LIMITED,AXN
NEWBRIDGE CARE SYSTEMS LTD,ATM
NEWCASTLE TALKING THERAPIES (HQ),AM8
NEWCO. ENFIELD,DDJ
NEWPORT CARDIAC CENTRE,NIX
NEXT STEPS LTD HQ,NFT
NHS INNOVATIONS SOUTH EAST LIMITED,NQY
NHS PRACTITIONER HEALTH PROGRAMME,AT0
NHS PROPERTY SERVICES LIMITED,NCS
NL GROUP LIMITED,AD6
NO 27 (BURNSIDE CARE),NVH
NON INVASIVE CARDIOLOGY SERVICES LTD,NJL
NORFOLK SURGICAL DIAGNOSTIC CENTRE,NPC
NORK CLINIC,NYK
NORTH CHARNWOOD GP NETWORK LTD,DA8
NORTH CORNWALL PHYSIOTHERAPY,NHR
NORTH EAST COMMUNITY HEALTH NETWORK,AC8
NORTH EAST ORTHOPAEDIC AND SPORTS INJURY SURGERY LTD,NQ3
NORTH EAST PODIATRY,NJC
NORTH EAST RESCUE AND MEDICAL SERVICES LTD,DJ9
NORTH EASTERN DERBYSHIRE HEALTHCARE LIMITED,DEA
NORTH HAMPSHIRE URGENT CARE,NHX
NORTH KENT MIND,DA5
NORTH LAMBETH PRACTICES LIMITED,AX5
NORTH LEWISHAM HEALTH LIMITED,AVV
NORTH NORFOLK HEALTHCARE CIC LTD,NPK
NORTH SOMERSET COMMUNITY PARTNERSHIP COMMUNITY INTEREST COMPANY,NLT
NORTH WEST LEICESTERSHIRE GP LIMITED,AJT
NORTHAMPTONSHIRE FORENSIC MEDICAL SERVICES,ACY
NORTHAMPTONSHIRE PSYCHOLOGICAL CARE SERVICE LTD,ARJ
NORTHANTS ACCOMMODATION SOCIAL CARE,NJW
NORTHERN HEALTH GPPO LTD,AQR
NORTHFIELD ALLIANCE LIMITED,AYR
NORTHGATE PUBLIC SERVICES,NWY
NORTHPOINT WELLBEING LIMITED,ADX
NORTHWEST DIAGNOSTIC & TREATMENT SERVICES,ADF
NORWICH & NORFOLK SURGICAL LTD (N2S),DFQ
NORWICH PRACTICES LIMITED,NMH
NOTTINGHAM CITYCARE PARTNERSHIP,NR3
NOVUS HEALTH LTD,NQH
NSL CARE SERVICES HQ,AV6
NUFFIELD HEALTH,NT2
NWSURREY LOCALITY HUBS,AWQ
OAKTREE MIDLANDS LIMITED,DCT
OASIS TALKING THERAPIES CIC,DDM
OFF CENTRE LIMITED,DF4
ONE CARE (BNSSG) LIMITED,AQ7
ONE HEALTH,DGW
ONE HEALTH LEWISHAM LTD,DAJ
ONE HEALTHCARE,AVQ
ONE MEDICAL GROUP LIMITED,AXT
ONE STOP DOCTORS LIMITED,AWR
ONE TO ONE (NORTH WEST) LIMITED,NDE
ONE TO ONE PHYSIOTHERAPY & REHABILITATION CENTRE,NYL
ONE WIGHT HEALTH,DJP
OPEN DOOR SURGERY (HQ),ANC
OPTEGRA UK,NNH
OPTYCO LTD,AJP
ORBIT HEALTHCARE LTD,AV7
ORCHARD 2000 GROUP,NV0
ORCHARD PORTMAN HOUSE LTD,AKT
ORTHOPAEDICS & SPINE SPECIALIST HOSPITAL,NQM
ORWELL HOUSING ASSOCIATION LIMITED,DF1
OSTEOPATHY PLUS LTD,STJ
OTHER PRIVATE HEALTHCARE PROVIDERS,NTY
OTTO BOCK HEALTHCARE PLC,AGY
OUTLOOK SOUTH WEST LLP,AM5
OXFED HEALTH & CARE LTD,DDH
OXFORD & BUCKS UROLOGY PARTNERSHIP LTD,AEA
OXFORD PRIVATE MEDICAL PRACTICE LTD,DDT
OXTED HEALTH CENTRE,NGD
PALL MALL MEDICAL LTD,DCG
PALM TREE HOME CARE LIMITED (HQ),AGP
PALMARIS HEALTHCARE LIMITED,AVA
PARKSIDE MEDICAL CENTRE,NCT
PARTNERS4HEALTH,NCI
PARTNERSHEALTH LLP,AWP
PARTNERSHIPS IN CARE LTD,NMV
PASTORAL CYMRU,NM4
PATIENTFIRST SOCIAL ENTERPRISE,NAL
PAYDENS (NURSING HOMES) LTD,NMX
PCRM LIMITED,NKJ
PDS MEDICAL LTD,NV6
PEACOCKS MEDICAL GROUP LTD,NAI
PENINSULA COMMUNITY HEALTH C.I.C,NLL
PENINSULA GENERAL SURGERY LTD,NP8
PENINSULA HEALTH LLP,NMN
PENINSULA PLASTIC SURGERY LTD,NVD
PENINSULA TRAUMA NETWORK,ATH
PENINSULA ULTRASOUND LIMITED,NEF
PENINSULA UROLOGY LTD,NP7
PENNINE GP ALLIANCE LTD,AQH
PENNINE MUSCULOSKELETAL PARTNERSHIP (ICATS),NLF
PENNY BROHN CANCER CARE,NJF
PERFECT CARE LTD,NJP
PERSONALISED 4 AUTISM,AAM
PERTEMPS MEDICAL,DJE
PHILIP MCGUCKEN LTD,NJM
PHL OUT OF HOURS LTD,AQN
PHOENIX HEALTH SOLUTIONS LIMITED HQ,NEQ
PHYSIO & HEALTH MATTERS LTD,AG8
PHYSIO R US LIMITED,AY4
PHYSIO.CO.UK,AG2
PHYSIOLOGIC PAIN RELIEF SOLUTIONS LTD,AKY
PHYSIOLOGICAL MEASUREMENTS LTD,NXV
PHYSIOTHERAPY MATTERS LIMITED,NJQ
PHYSIOTHERAPY REWARD,AWF
PHYSIOTHERAPY2FIT LTD,NIL
PHYSIO-WORKS (UK) LTD,ANY
PICKARD JOAN (COUNSELLOR HQ),AM4
PIMS PATHWAY LTD,NNR
PIONEER HEALTHCARE LIMITED,NEY
PLATFORM 7 LIMITED,DAR
PLYMOUTH CHIROPRACTIC CLINIC,DDD
PML COUNSELLING SERVICE (HQ),AMA
POLARIS MEDICAL SERVICES LIMITED,DGQ
PORTSMOUTH PRIMARY CARE ALLIANCE LTD,AR7
PRACTICE BASED CLINICAL SERVICES LIMITED,AWH
PREM HOUSE CLINIC LTD,NTK
PREMIER CARE (MIDLANDS) LTD.,DHY
PREMIER CHILDREN AND YOUNG PEOPLE'S CARE AND PROTECTION SERVICES LTD,NJR
PREMIER PHYSICAL HEALTHCARE LTD,NCP
PRE-SCHOOL LEARNING ALLIANCE,AXJ
PRESTON PRIMARY CARE CENTRE LTD,NJD
PRIDERM LLP,NY0
PRIMARY CARE CHESHIRE CIC,ATV
PRIMARY CARE LINCOLSNHIRE MEDICAL SERVICES LIMITED,DFW
PRIMARY CARE PARTNERSHIP SERVICES LIMITED,NIM
PRIMARY CARE SHEFFIELD LTD,ARL
PRIMARY CARE WARWICKSHIRE LTD,AJL
"PRIMARY EYECARE (AIREDALE, BRADFORD & LEEDS) LIMITED",AF6
PRIMARY EYECARE (AVON) LIMITED HQ,AGV
"PRIMARY EYECARE (BARNET, ENFIELD & HARINGEY) LIMITED",AF7
PRIMARY EYECARE (BEDFORDSHIRE) LIMITED,AF8
"PRIMARY EYECARE (BEXLEY, BROMLEY & GREENWICH) LIMITED",AF9
PRIMARY EYECARE (CAMBRIDGESHIRE) LIMITED,AGG
PRIMARY EYECARE (CAMDEN & ISLINGTON) LIMITED,AFA
PRIMARY EYECARE (CHESHIRE) LIMITED,AFC
PRIMARY EYECARE (CORNWALL & ISLES OF SCILLY) LIMITED,AFE
PRIMARY EYECARE (COVENTRY) LIMITED,AFF
PRIMARY EYECARE (CROYDON) LIMITED,AFG
PRIMARY EYECARE (DEVON) LIMITED,AEP
PRIMARY EYECARE (DONCASTER) LIMITED,AFH
PRIMARY EYECARE (DORSET) LIMITED,AFJ
PRIMARY EYECARE (EAST LONDON & CITY) LIMITED,AF2
PRIMARY EYECARE (EAST MIDLANDS) LIMITED,AFP
PRIMARY EYECARE (ESSEX) LIMITED,AFK
PRIMARY EYECARE (GLOUCESTERSHIRE) LIMITED,AFL
PRIMARY EYECARE (HEART OF WEST MIDLANDS) LIMITED,AFM
PRIMARY EYECARE (HERTFORDSHIRE) LTD,AWD
PRIMARY EYECARE (KENT & MEDWAY) LIMITED,AF3
PRIMARY EYECARE (LANCASHIRE) LTD,AJ5
PRIMARY EYECARE (LINCOLNSHIRE) LIMITED,AF4
PRIMARY EYECARE (MERSEYSIDE) LIMITED,AFN
"PRIMARY EYECARE (MERTON, SUTTON & WANDSWORTH) LIMITED",AEV
PRIMARY EYECARE (NORFOLK & WAVENEY) LIMITED,AGR
PRIMARY EYECARE (NORTH EAST) LIMITED,AET
PRIMARY EYECARE (NORTH YORKSHIRE & HUMBER) LIMITED,AED
PRIMARY EYECARE (OXFORDSHIRE) LIMITED,AFQ
PRIMARY EYECARE (SHEFFIELD) LIMITED,AFR
PRIMARY EYECARE (SHROPSHIRE & STAFFORDSHIRE) LIMITED,AFT
PRIMARY EYECARE (SUSSEX) LIMITED,AFV
PRIMARY EYECARE WIRRAL,DCC
PRIMARY HEALTHCARE DARLINGTON LTD,AMR
PRIMARY INTEGRATED COMMUNITY SERVICES LTD,ADN
PRIMARY PROVIDER COMPANY LIMITED,NCC
PRIME DIAGNOSTICS LIMITED,NPP
PRIME PRACTICE PARTNERSHIP LTD,ALP
PRIMECARE PRIMARY CARE,NQR
PRIMEGP PLC,APQ
PRIORITYLINKS LIMITED,NBH
PRIORY GROUP LIMITED,NTN
PRIORY MEDICAL CENTRE ENDOSCOPY SERVICE,AVD
PRIVATE GP SERVICES,DJF
PRIVATE PSYCHIATRY LLP,AXY
PROBUS SURGERY LIMITED,NAM
PROCARE HEALTH LIMITED,AQG
PROTON PARTNERS INTERNATIONAL LIMITED,DCM
PROVIDE,NQA
PSICON LIMITED,NJJ
PSYCHOLOGICAL HEALTH AND WELLBEING SERVICE LTD,NHO
PURE HOMECARE,AXF
PUSH DR LIMITED,DH6
PUTNEYMEAD GROUP MEDICAL PRACTICE (HQ),AN5
QUALITY HEALTH LTD,NXT
QUAY HEALTH SOLUTIONS CIC,AEG
QUAY MEDICAL LTD,NLJ
QUEEN ANNE STREET MEDICAL CENTRE,DEL
QUEENS PHYSIOTHERAPY AND SPORTS INJURY CLINIC,NI7
R & T (BOSTON) LIMITED,AG3
RAINHAM PHYSIOTHERAPY CENTRE,NHF
RAMSAY HEALTHCARE UK OPERATIONS LIMITED,NVC
RAPHAEL HEALTHCARE LTD,NR0
RAPID IMPROVEMENT LIMITED,DGX
RAUF MEDICARE LIMITED,DDQ
RAVENSCROFT HEALTHCARE LTD,NCF
READY TO TALK CIC,AMM
REALHEALTH(UK) LIMITED,NWN
REDBRIDGE COUNCIL FOR VOLUNTARY SERVICE,DJA
REDBRIDGE OSTEOPATHS,AP7
REFLEXIVE SOLUTIONS LTD,ADM
REGIONAL HEARING SPECIALISTS LTD,NY7
REHABILITATION AND THERAPY SKILLS DEVELOPMENT LTD,AT7
RELATE,AYV
RELATE (AVON) (HQ),AMN
RELATE (BEDFORDSHIRE AND LUTON) (HQ),AMP
RELATE (BRADFORD),AM0
"RELATE DACORUM, WATFORD AND THREE RIVERS",AYQ
REMOTEHEALTH TECH LIMITED,DHE
REPRODUCTIVE HEALTH GROUP LIMITED,AHE
RESPIRICARE LIMITED,AV1
RESPONSE PHYSIOTHERAPY LTD HQ,AE5
RETHINK MENTAL ILLNESS,NO6
RIALTO CARE SERVICES,NM0
RICHMOND GENERAL PRACTICE ALLIANCE LTD,APE
RILA PUBLICATIONS LTD,AAC
RIPPLEZ CIC,NDW
RIVERDALE GRANGE LIMITED,NRC
RM PARTNERS,AY3
ROBIN NEWELL OSTEOPATH,NHK
ROMNEY MARSH PHYSIOTHERAPY CENTRE,AKW
ROTHERHAM & BARNSLEY MIND,DCE
ROYAL SOCIETY FOR PUBLIC HEALTH,AXD
SAFECARE NETWORK LIMITED,ALX
SALFORD PRIMARY CARE TOGETHER,AR6
SALUS MEDICAL SERVICES LIMITED,DFT
SANDY HILL PHYSIO LTD,NDS
SAROIA STAFFING SERVICES LIMITED,AQ9
SCAN ASSURE MEDICAL ULTRASOUND LIMITED,NFB
SCRIVENS LTD,NXX
SECOND STEP,ALW
SELF HELP SERVICES,AMC
SELLINDGE PRACTICE LTD,NNS
SENTINEL HEALTHCARE SOUTHWEST COMMUNITY INTEREST COMPANY,NWE
SEQOL,NLY
SERCO LTD,NEN
SERENITY-SEQUEL HEALTHCARE LTD,NAK
SEVENOAKS AREA MIND HQ,ALN
SG RADIOLOGY AND ASSOCIATES LIMITED,NFQ
SHEPHERD CHIROPODY,NKL
SHIELD HEALTHCARE,AGD
SHIRE HEALTH LTD,AKM
SHREEJI OPHTHALMIC PRIMARY CARE SERVICES LLP (HQ),AJG
SHUROPODY FOOTCARE LTD,NKA
SIGN HEALTH (HQ),AM7
SIMON BACON LTD,NDI
SIRONA CARE & HEALTH,NLX
SIX DEGREES SOCIAL ENTERPRISE CIC,NCM
SJ HELPLINE SERVICES CIC,NDH
SK HEALTH LTD,NAA
SK:N (LASERCARE CLINICS LTD),NLU
SKELMERSDALE FAMILY PRACTICE GPSI SERVICES,DGA
SMART CJS,AA8
SMGPF LIMITED,AGT
SMILE TOGETHER DENTAL CIC,AWK
SOCIAL ADVENTURES LIMITED,NR4
SOLENT MEDICAL SERVICES LIMITED,NNC
SOLICITUDE LTD,AAG
SOMERSET PRIMARY HEALTHCARE LIMITED,AEX
SOMERSET SURGICAL SERVICES HQ,NFH
SONARCARE LIMITED,NMI
SOUTH CHARNWOOD GP NETWORK LIMITED,ALK
SOUTH CHESHIRE & VALE ROYAL PRIMARY CARE ACCESS HUB,DG6
SOUTH DEVON OSTEOPATHS LTD,NKR
SOUTH DOC SERVICES LIMITED HQ,NIT
SOUTH DURHAM HEALTH C.I.C.,DFE
SOUTH EAST FERTILITY CLINIC LTD,NBR
SOUTH EAST LAMBETH HEALTH PARTNERSHIP,AT9
SOUTH EAST ULTRASOUND LTD,ALC
SOUTH EASTERN HAMPSHIRE ALLIANCE LIMITED,AQY
SOUTH ESSEX EMERGENCY DOCTORS SERVICE,NGE
SOUTH ISLINGTON GP ALLIANCE LIMITED,DCH
SOUTH NORFOLK HEALTHCARE CIC,NPJ
SOUTH TEES MEDICAL LTD,DCV
SOUTH TEES MEDICAL LTD,DCY
SOUTH WARWICKSHIRE GP LIMITED,APJ
SOUTH WEST ADVICE AND NEUROLOGY SERVICES (SWANS),AP8
SOUTH WEST BARIATRIC SURGERY GROUP,NQF
SOUTH WORCESTERSHIRE PRIMARY CARE LIMITED,AJ4
SOUTH YORKSHIRE DIAGNOSTICS LIMITED,NHD
SOUTHAMPTON PRIMARY CARE LIMITED,AR4
SOUTHERN ALLIANCE HEALTHCARE,NNM
SOUTHERN CROSS HEALTHCARE GROUP PLC,NR7
SOUTHERN HAMPSHIRE PRIMARY CARE ALLIANCE,DJ2
SOUTHERN INDEPENDENT MEDICAL PRACTICE LIMITED,AQ2
SOUTHPORT AND FORMBY HEALTH LIMITED,AYK
SPAMEDICA,NPG
SPC PHYSIOTHERAPY & SPORTS INJURY CENTRE,DFP
SPECIALIST CARDIAC DIAGNOSTICS LTD,AYD
SPECIALIST HEALTH SERVICES LIMITED,NX4
SPECIALIST MEDICAL IMAGING LIMITED,NWW
SPECSAVERS HEARCARE GROUP LTD,NYN
SPECTRUM COMMUNITY HEALTH - CIC,NL1
SPINES PHYSIOTHERAPY CLINIC,DGR
SPIRAL HEALTH C.I.C,NQK
SPIRE HEALTHCARE,NT3
SPRINGDALE HEALTH LTD,NLD
SRCL LTD,ARE
SSAFA CARE CIC,AAE
ST ALBANS & HARPENDEN MUSCULOSKELETAL CATS,NX6
ST ANDREW'S HEALTHCARE,NYA
ST ANNE'S,NP5
ST DAVIDS HOME,AEH
ST GEORGE HEALTHCARE GROUP,NQ4
ST GEORGES HOSPITAL LTD,NM6
ST GEORGE'S HOSPITAL MEDICAL SCHOOL,NMR
ST JOSEPHS PRIVATE HOSPITAL,NPX
ST LUKES HOSPICE (HARROW),DJ0
ST MARGARETS HOSPICE,AJ3
ST MARTINS HEALTHCARE SERVICES CIC,ALM
ST MATTHEWS HEALTHCARE,NFJ
ST MICHAEL'S CLINIC LIMITED,AHP
ST MICHAEL'S HOSPICE,ARD
ST WILFRID'S HOSPICE,ARF
ST. LUKE'S HEALTH CARE,NR6
STADN LTD,DH7
STAHMIS,NDG
STANDARD HEALTH LTD,NHW
STAPELY HOSPITAL,NMD
STARFISH HEALTH AND WELLBEING (HQ),AMK
STARFISH HEALTH AND WELLBEING HQ,AEY
STELLAR HEALTHCARE,AH5
STEPPING STONE CARE HOMES,NFR
STEPS REHABILITATION LIMITED,DF7
STEREOPSIS LTD,ANE
STERIA LIMITED,NN2
STEVEN ORTON LTD,NKC
STREATHAM YOUNG PERSON'S CLINIC,NAC
SUDBURY HEALTHCARE PARTNERSHIP LIMITED,NQ2
SUFFOLK COMMUNITY HEALTHCARE,NHM
SUFFOLK GP FEDERATION,NDL
SUFFOLK INTEGRATED HEALTHCARE,NXR
SUFFOLK PRIMARY CARE,DJ7
SUNDERLAND GP ALLIANCE LIMITED,ATE
SUPPORTIVE CARE (UK) LIMITED,DGL
SURGMED GROUP LIMITED,DCP
SURREY & SUSSEX CONSULTANT PARTNERSHIP LIMITED,NM8
SURREY HEALTHY CHILDREN AND FAMILIES LLP,DJQ
SURREY MEDICAL NETWORK,DAA
SURREY ULTRASOUND SERVICES,NBU
SURVIVORS MANCHESTER,DA2
SUSAN SHOWELL-WESTRIP - PSYCHOLOGICAL THERAPIST,NEU
SUSSEX COMMUNITY DERMATOLOGY SERVICE,NYG
SUSSEX HEALTH CARE AUDIOLOGY LTD,NL2
SUSSEX MEDICAL CENTRE LTD,NMC
SUSSEX MSK PARTNERSHIP 2,AJX
SUTTON GP SERVICES LIMITED,AVN
SUTTON MEDICAL CONSULTING CENTRE,NCW
SW LAMBETH HEALTH CARE LIMITED,AX6
SWAN GP CLUSTER,DFV
SWANSWELL CHARITABLE TRUST,AKV
SYDENHAM HOUSE GROUP,NT0
SYDENHAM HOUSE MEDICAL PRACTICE,AAX
SYMBOL (UK) LIMITED,AE0
SYMPHONY HEALTHCARE SERVICES LIMITED,DCN
SYNCHRONICITY CARE LTD,AX2
TABA+ GP CLUSTER,DG0
TALKING THERAPIES LTD,NNI
TALKPLUS,NCH
TARPORLEY WAR MEMORIAL HOSPITAL TRUST,NME
TAURUS HEALTHCARE LTD,NGX
TEASDALE HEALTHCARE LTD,AXV
TEMENOS PSYCHOTHERAPY AND COUNSELLING,AYY
TERRENCE HIGGINS TRUST HQ,AVT
TETBURY HOSPITAL TRUST LTD,AAH
TFHC LIMITED,AY0
THAMES MEDICAL,NP1
THAMES MEDICAL LLP,NP3
THAMES VALLEY AMBULANCE AND PARAMEDIC SERVICE,ADE
THAMES VALLEY VASECTOMY SERVICES LTD,AQ6
THE ABERDEEN CLINIC,DDK
THE ASHGROVE CLINIC,NFW
THE BACK PAIN TEAM LTD,NN7
THE BARIATRIC CONSULTANCY LTD,NBK
THE BIG LIFE GROUP LTD,AN0
THE BIRMINGHAM PROSTATE CLINIC LTD,AWV
THE BRANDON CENTRE,DGT
THE BRITISH SCHOOL OF OSTEOPATHY,NIO
THE CAMBRIDGE CENTRE (SCARBOROUGH ALCOHOL AND DRUGS ADVISORY CENTRE) LTD,AGN
THE CATARACT CENTRE LTD,DFR
THE CHARLOTTE STRAKER HOSPITAL PROJECT TRUST,NMT
THE CHASELEY TRUST,NWQ
THE CLATTERBRIDGE CLINIC LLP,AQF
THE COLLEGE OF ST BARNABAS,AQJ
THE COLTE PARTNERSHIP,DHT
THE COUNSELLING FOUNDATION,NGR
THE DORSET SKIN CLINIC,DGK
THE EARLSFIELD PRACTICE (HQ),AN9
THE ELLENOR LIONS HOSPICES,NXF
THE ELMS MEDICAL PRACTICE,NW5
THE EYE ACADEMY (RICHMOND) LTD,AR8
THE FERTILITY PARTNERSHIP- OXFORD,NPD
THE FORGE CLINIC,NJT
THE FORWARD TRUST,DG3
THE GRANGE MEDICAL CENTRE HQ,AJ8
THE GREAT NORTH AIR AMBULANCE SERVICE HQ,AYJ
THE GREEN HOUSE,AKP
THE GYNAECOLOGY PARTNERSHIP LTD.,NW4
THE HAMLET,DFF
THE HELPING HAND COMPANY,NBB
THE HERNE BAY OPTHALMOLOGY CLINIC,AC2
THE HUNTERCOMBE GROUP,NV2
THE INDUSTRIAL DIAGNOSTICS COMPANY [HQ],NPF
THE INTEGRATED CARE CLINICS LTD,NL5
THE KALEIDOSCOPE PLUS GROUP,AMD
THE LEARNING ASSESSMENT & NEUROCARE CENTRE,NVK
THE LEGER CLINIC,DF2
THE LEWISHAM CARE PARTNERSHIP,DJ6
THE LINCOLN PHYSIOTHERAPY & SPORTS INJURIES CLINIC,NKV
THE LIVING CARE GROUP,NID
THE MAGDALENE PROJECT,DA3
"THE MEDICAL (TEMPLE QUAY, BRISTOL)",DC6
THE MEWS PRACTICE,ATA
THE MOLE CLINIC LTD,NLP
THE NEW VICTORIA HOSPITAL LIMITED,AX0
THE NEWHALL MEDICAL PRACTICE LIMITED,AW8
THE OAKTREE CLINIC,AKD
THE ONE HEALTH GROUP LTD,NTX
THE ONE STOP PSYCHOTHERAPY SHOP LTD,DCW
THE OUTSIDE CLINIC,NFC
THE OZASE CLINIC,AY6
THE PHYSIOTHERAPY CENTRE HQ,NFF
THE PHYSIOTHERAPY PRACTICE LTD,NGA
THE PINNACLE PRACTICE,NGQ
THE POINT OSTEOPATHIC CLINIC,NEK
THE PRACTICE,NX1
THE PRACTICE PLC,NW1
THE PRIMARY CARE COLLABORATIVE LTD,NV4
THE PRIVATE CLINIC HARLEY STREET LIMITED,DDE
THE RETREAT HOSPITAL,NPE
THE RIDGE MEDICAL CENTRE,DHX
THE RIDGEWAY PRACTICE LIMITED,DJR
THE ROYAL BUCKINGHAMSHIRE HOSPITAL LTD,DJH
THE ROYAL HOSPITAL FOR NEURO-DISABILITY,NN1
THE SALISBURY PRACTICE LTD,DHM
THE SARA LEE TRUST,DGH
THE SEAN BARKES CLINIC LTD,NIU
THE SHERWOOD CLINIC LIMITED,DE9
THE SOCIETY OF ST JAMES,DEC
THE SOUTH WEST LONDON ELECTIVE ORTHOPAEDIC CENTRE,AX3
THE SUSSEX BEACON,AE8
THE VILLAGE PRACTICE,ARY
THE VILLAGE SURGERY,NEE
THE WATERSIDE PHYSIOTHERAPY AND OSTEOPATHY CLINIC,AP3
THE WELLBEING SERVICE CIC,NN0
THE WISH CENTRE LIMITED,DF8
THE YORKSHIRE NO-SCAPEL VASECTOMY SERVICE,AV4
THE YOUTH ENQUIRY SERVICE (PLYMOUTH) LTD,NKD
THERAPEUTIC RESOURCES & COUNSELLING SERVICES LTD,ALF
THINKACTION MENTAL HEALTH SERVICE (FORMERLY KNOWN AS KCA),NAG
THIS IS MY: LIMITED,NNU
THOMPSON OPTICIANS LTD,ACQ
THORPES PHYSIOTHERAPY LIMITED,NII
THRIVE PARTNERSHIP LLP,ATD
THURLEIGH ROAD PRACTICE,AQQ
TIM HUMPHRIES PHYSIOTHERAPY LTD,NGO
TIM PARKER PHYSIOTHERAPY,DHF
TLC MEDICAL CENTRE LLP,NGK
TOGETHER FIRST LTD,AW1
TOLLGATE CLINIC LTD,NQX
TOTAL HEALTH CARE CLINICS LTD,NBD
TOTAL HEALTH ETHOS LIMITED,DC7
TOTAL PHYSIOTHERAPY LTD,AKX
TOTALLY HEALTH HQ,DAP
TOUCHSTONE LEEDS,AVR
TOWER HAMLETS GP CARE GROUP CIC,AXA
TOWNSEND HOUSE ENT SERVICES,ARK
TRAVEL KLINIX,DER
TRENT PTS,NLS
TRI LOCALITY CARE LTD,ANM
TRINITY CARE WAKEFIELD,AVK
TRINITY MEDICAL IMAGING,DEM
TRU LTD,NLH
TRUST PRIMARY CARE LTD,APH
TULIP MENTAL HEALTH GROUP,NYJ
TURNING POINT,NKI
TURNPIKE MEDICAL LTD,NBO
TWO HARBOURS HEALTHCARE LTD,AWL
TYNE AND WEAR SURGERY LTD,NTR
TYNEHEALTH LTD,AQA
TYNESIDE AND NORTHUMBERLAND MIND,DDP
TYNESIDE SURGICAL SERVICES LTD,NN4
UCLAN DENTAL CLINIC,NJO
UK ENDOSCOPY GROUP LTD,DHW
ULTRASOUND NOW LTD,NDB
ULTRASOUND SCANNING SERVICES LTD,NHU
UNIQUE CARE NETWORK LIMITED,VTK
UNITED HEALTH UK,NAE
UNITED OPEN MRI LTD,DFX
UNITINGCARE PARTNERSHIP LLP,ALJ
UNIVERSITY MEDICAL CENTRE,NKT
UNIVERSITY OF SOUTHAMPTON AUDITORY IMPLANT SERVICE,NRF
URGENT CARE 24,NPQ
URGENT CARE CENTRE- HURLEY GROUP HQ,AH6
UTTLESFORD HEALTH LIMITED (HQ),AHM
VACCINATION UK LIMITED,AJC
VALE HEALTHCARE LTD,NPY
VANGUARD GROUP LTD,NHE
VANSCAN LTD HQ,NHG
VAST SERVICES (1920),DC0
VEINCENTRE LIMITED,NX7
VERNOVA HEALTHCARE COMMUNITY INTEREST COMPANY,AQK
VH COMMUNITY SERVICES LTD,NEA
VH DOCTORS LTD,NCY
VIADUCT CARE CIC,DDW
VIRGIN CARE LTD,NQT
VIRGIN CARE PROVIDER SERVICES LTD,NDR
VIRGIN CARE SERVICES LTD,NDA
VISION CHECKS LTD,ACR
VOCARE,NLO
VOYAGE CARE,ADD
WANDSWORTH REFERRAL SERVICE,NRD
WARD ANNE KATHLEEN DR (DERMATOLOGY),NIE
WARDOUR GROUP LIMITED,NDU
WARRINGTON PRIMARY CARE HOMES CIC,ARP
WASHINGBOROUGH FAMILY PRACTICE GROUP,ALY
WATCHTOWER HOUSE MEDICAL/INFIRMARY SERVICES,NHC
WATERCRESS MEDICAL,AYF
WATFORD & HERTS COUNSELLING LLP,NGW
WAVENEY PRACTICE BASED COMMISSIONING,NVW
WELBECK HEALTHCARE LIMITED,AXC
WELDRICKS PHARMACY (CASH SERVICE),NDM
WELLBEING NORFOLK AND WAVENEY,AXE
WELLINGTON SUPPORT LTD,NGN
WELL-ONE CLINIC,NXK
WELLSPRING HEALTHY LIVING CENTRE,AKA
WEST ESSEX MIND (HQ),AMH
WEST LANCASHIRE HEALTHCARE PARTNERSHIP COMMUNITY CIC,NM1
WEST MIDLANDS DIAGNOSTIC SERVICES LTD,NDT
WEST NORFOLK HEALTH,NEB
WEST NORFOLK OSTEOPATHS LTD,AJH
WEST WAKEFIELD HEALTH & WELLBEING LIMITED,AHT
WEST WAKEFIELD HEALTH AND WELLBEING LIMITED,APK
WESTCLIFFE HEALTH INNOVATIONS LTD,AGA
WESTCLIFFE MEDICAL SERVICES LTD,AG7
WESTMINISTER DRUG PROJECT,ARG
WESTMINSTER MIND,AD7
WF FEDERATED GP NETWORK LIMITED,AJY
WHITMORE REANS HEALTH SERVICES LTD,NP6
WHITSTABLE MEDICAL PRACTICE,ACH
WHIZZ-KIDZ,NKP
WIGAN BOROUGH FEDERATED HEALTHCARE LTD,AEQ
WILCARE HEALTH LTD,NWG
WILTSHIRE HEALTH & CARE,AXG
WINGATE MINOR SURGERY SERVICE,NBT
WISBECH OSTEOPATHIC CLINIC,NAU
WMP SERVICES,NX9
WOLVERHAMPTON DOCTORS ON CALL LIMITED,AXK
WOODBURY MEDICAL LTD,AQ3
WOODFIELD PHYSIOTHERAPY LTD,NO3
WOODLANDS VASECTOMY CLINIC,AYN
WOODSIDE HOSPITAL,NR1
WORKINGTON HEALTH LIMITED,AJN
WSDM LTD,ADH
XENZONE,DFC
YARBOROUGH CLEE CARE LIMITED,NDK
YORDALES HEALTH LTD,ANR
YORHEALTH LTD,AYA
YORK CATARACT COMPANY LTD,NTL
YORKSHIRE FATIGUE CLINIC LTD,AH0
YORKSHIRE HEALTH SOLUTIONS LTD,NKO
YORKSHIRE HEALTHCARE PARTNERS LTD,ACX
YOUR HEALTH AND WELLBEING MENDIP,DCQ
YOUR HEALTHCARE,NNV
ZENITH COSMETIC CLINICS LTD,DF5