Aintree University Hospital NHS Foundation Trust,REM
Airedale NHS Foundation Trust,RCF
Alder Hey Children's NHS Foundation Trust,RBS
Ashford and St Peter's Hospitals NHS Foundation Trust,RTK
"Barking, Havering and Redbridge University Hospitals NHS Trust",RF4
Barnet and Chase Farm Hospitals NHS Trust,RVL
Barnsley Hospital NHS Foundation Trust,RFF
Barts and The London NHS Trust,RNJ
Barts Health NHS Trust,R1H
Basildon and Thurrock University Hospitals NHS Foundation Trust,RDD
Bedford Hospital NHS Trust,RC1
Birmingham Women's and Children's NHS Foundation Trust,RQ3
Birmingham Women's NHS Foundation Trust,RLU
Blackpool Teaching Hospitals NHS Foundation Trust,RXL
Bolton NHS Foundation Trust,RMC
Bradford Teaching Hospitals NHS Foundation Trust,RAE
Brighton and Sussex University Hospitals NHS Trust,RXH
Bromley Hospitals NHS Trust,RG3
Buckinghamshire Healthcare NHS Trust,RXQ
Burton Hospitals NHS Foundation Trust,RJF
Calderdale and Huddersfield NHS Foundation Trust,RWY
Cambridge University Hospitals NHS Foundation Trust,RGT
Central Manchester University Hospitals NHS Foundation Trust,RW3
Chelsea and Westminster Hospital NHS Foundation Trust,RQM
Chesterfield Royal Hospital NHS Foundation Trust,RFS
City Hospitals Sunderland NHS Foundation Trust,RLN
Colchester Hospital University NHS Foundation Trust,RDE
Countess of Chester Hospital NHS Foundation Trust,RJR
County Durham and Darlington NHS Foundation Trust,RXP
Croydon Health Services NHS Trust,RJ6
Dartford and Gravesham NHS Trust,RN7
Derby Teaching Hospitals NHS Foundation Trust,RTG
Doncaster and Bassetlaw Teaching Hospitals NHS Foundation Trust,RP5
Dorset County Hospital NHS Foundation Trust,RBD
Ealing Hospital NHS Trust,RC3
East and North Hertfordshire NHS Trust,RWH
East Cheshire NHS Trust,RJN
East Kent Hospitals University NHS Foundation Trust,RVV
East Lancashire Hospitals NHS Trust,RXR
East Sussex Healthcare NHS Trust,RXC
Epsom and St Helier University Hospitals NHS Trust,RVR
Frimley Health NHS Foundation Trust,RDU
Gateshead Health NHS Foundation Trust,RR7
George Eliot Hospital NHS Trust,RLT
Gloucestershire Hospitals NHS Foundation Trust,RTE
Great Ormond Street Hospital For Children NHS Foundation Trust,RP4
Great Western Hospitals NHS Foundation Trust,RN3
Guy's and St Thomas' NHS Foundation Trust,RJ1
Hampshire Hospitals NHS Foundation Trust,RN5
Harrogate and District NHS Foundation Trust,RCD
Heart of England NHS Foundation Trust,RR1
Heatherwood and Wexham Park Hospitals NHS Foundation Trust,RD7
Hinchingbrooke Health Care NHS Trust,RQQ
Homerton University Hospital NHS Foundation Trust,RQX
Hull and East Yorkshire Hospitals NHS Trust,RWA
Imperial College Healthcare NHS Trust,RYJ
Ipswich Hospital NHS Trust,RGQ
Isle of Wight NHS Trust,R1F
James Paget University Hospitals NHS Foundation Trust,RGP
Kettering General Hospital NHS Foundation Trust,RNQ
King's College Hospital NHS Foundation Trust,RJZ
Kingston Hospital NHS Foundation Trust,RAX
Lancashire Teaching Hospitals NHS Foundation Trust,RXN
Leeds Teaching Hospitals NHS Trust,RR8
Lewisham and Greenwich NHS Trust,RJ2
Liverpool Heart and Chest Hospital NHS Foundation Trust,RBQ
Liverpool Women's NHS Foundation Trust,REP
London North West Healthcare NHS Trust,R1K
Luton and Dunstable University Hospital NHS Foundation Trust,RC9
Maidstone and Tunbridge Wells NHS Trust,RWF
Medway NHS Foundation Trust,RPA
Mid Cheshire Hospitals NHS Foundation Trust,RBT
Mid Essex Hospital Services NHS Trust,RQ8
Mid Staffordshire NHS Foundation Trust,RJD
Mid Yorkshire Hospitals NHS Trust,RXF
Milton Keynes University Hospital NHS Foundation Trust,RD8
Moorfields Eye Hospital NHS Foundation Trust,RP6
Newham University Hospital NHS Trust,RNH
Norfolk and Norwich University Hospitals NHS Foundation Trust,RM1
North Bristol NHS Trust,RVJ
North Cumbria University Hospitals NHS Trust,RNL
North Middlesex University Hospital NHS Trust,RAP
North Tees and Hartlepool NHS Foundation Trust,RVW
North West Anglia NHS Foundation Trust,RGN
North West London Hospitals NHS Trust,RV8
Northampton General Hospital NHS Trust,RNS
Northern Devon Healthcare NHS Trust,RBZ
Northern Lincolnshire and Goole NHS Foundation Trust,RJL
Northumbria Healthcare NHS Foundation Trust,RTF
Nottingham University Hospitals NHS Trust,RX1
Nuffield Orthopaedic Centre NHS Trust,RBF
Oxford University Hospitals NHS Foundation Trust,RTH
Papworth Hospital NHS Foundation Trust,RGM
Pennine Acute Hospitals NHS Trust,RW6
Plymouth Hospitals NHS Trust,RK9
Poole Hospital NHS Foundation Trust,RD3
Portsmouth Hospitals NHS Trust,RHU
Queen Elizabeth Hospital NHS Trust,RG2
Queen Mary's Sidcup NHS Trust,RGZ
Queen Victoria Hospital NHS Foundation Trust,RPC
Royal Berkshire NHS Foundation Trust,RHW
Royal Brompton & Harefield NHS Foundation Trust,RT3
Royal Cornwall Hospitals NHS Trust,REF
Royal Devon and Exeter NHS Foundation Trust,RH8
Royal Free London NHS Foundation Trust,RAL
Royal Liverpool and Broadgreen University Hospitals NHS Trust,RQ6
Royal National Hospital For Rheumatic Diseases NHS Foundation Trust,RBB
Royal National Orthopaedic Hospital NHS Trust,RAN
Royal Surrey County Hospital NHS Foundation Trust,RA2
Royal United Hospitals Bath NHS Foundation Trust,RD1
Royal West Sussex NHS Trust,RPR
Salford Royal NHS Foundation Trust,RM3
Salisbury NHS Foundation Trust,RNZ
Sandwell and West Birmingham Hospitals NHS Trust,RXK
Scarborough and North East Yorkshire Health Care NHS Trust,RCC
Sheffield Children's NHS Foundation Trust,RCU
Sheffield Teaching Hospitals NHS Foundation Trust,RHQ
Sherwood Forest Hospitals NHS Foundation Trust,RK5
Shrewsbury and Telford Hospital NHS Trust,RXW
South London Healthcare NHS Trust,RYQ
South Tees Hospitals NHS Foundation Trust,RTR
South Tyneside NHS Foundation Trust,RE9
South Warwickshire NHS Foundation Trust,RJC
Southend University Hospital NHS Foundation Trust,RAJ
Southport and Ormskirk Hospital NHS Trust,RVY
St George's University Hospitals NHS Foundation Trust,RJ7
St Helens and Knowsley Hospital Services NHS Trust,RBN
Stockport NHS Foundation Trust,RWJ
Surrey and Sussex Healthcare NHS Trust,RTP
Tameside and Glossop Integrated Care NHS Foundation Trust,RMP
Taunton and Somerset NHS Foundation Trust,RBA
The Christie NHS Foundation Trust,RBV
The Clatterbridge Cancer Centre NHS Foundation Trust,REN
The Dudley Group NHS Foundation Trust,RNA
The Hillingdon Hospitals NHS Foundation Trust,RAS
The Newcastle Upon Tyne Hospitals NHS Foundation Trust,RTD
The Princess Alexandra Hospital NHS Trust,RQW
"The Queen Elizabeth Hospital, King's Lynn, NHS Foundation Trust",RCX
The Robert Jones and Agnes Hunt Orthopaedic Hospital NHS Foundation Trust,RL1
The Rotherham NHS Foundation Trust,RFR
The Royal Bournemouth and Christchurch Hospitals NHS Foundation Trust,RDZ
The Royal Marsden NHS Foundation Trust,RPY
The Royal Orthopaedic Hospital NHS Foundation Trust,RRJ
The Royal Wolverhampton NHS Trust,RL4
The Walton Centre NHS Foundation Trust,RET
The Whittington Hospital NHS Trust,RKE
Torbay and South Devon NHS Foundation Trust,RA9
Trafford Healthcare NHS Trust,RM4
United Lincolnshire Hospitals NHS Trust,RWD
University College London Hospitals NHS Foundation Trust,RRV
University Hospital of South Manchester NHS Foundation Trust,RM2
University Hospital Southampton NHS Foundation Trust,RHM
University Hospitals Birmingham NHS Foundation Trust,RRK
University Hospitals Bristol NHS Foundation Trust,RA7
University Hospitals Coventry and Warwickshire NHS Trust,RKB
University Hospitals of Leicester NHS Trust,RWE
University Hospitals of Morecambe Bay NHS Foundation Trust,RTX
University Hospitals of North Midlands NHS Trust,RJE
Walsall Healthcare NHS Trust,RBK
Warrington and Halton Hospitals NHS Foundation Trust,RWW
West Hertfordshire Hospitals NHS Trust,RWG
West Middlesex University Hospital NHS Trust,RFW
West Suffolk NHS Foundation Trust,RGR
Western Sussex Hospitals NHS Foundation Trust,RYR
Weston Area Health NHS Trust,RA3
Whipps Cross University Hospital NHS Trust,RGC
Winchester and Eastleigh Healthcare NHS Trust,RN1
Wirral University Teaching Hospital NHS Foundation Trust,RBL
Worcestershire Acute Hospitals NHS Trust,RWP
Worthing and Southlands Hospitals NHS Trust,RPL
"Wrightington, Wigan and Leigh NHS Foundation Trust",RRF
Wye Valley NHS Trust,RLQ
Yeovil District Hospital NHS Foundation Trust,RA4
York Teaching Hospital NHS Foundation Trust,RCB
East Midlands Ambulance Service NHS Trust,RX9
East of England Ambulance Service NHS Trust,RYC
Great Western Ambulance Service NHS Trust,RX5
London Ambulance Service NHS Trust,RRU
North East Ambulance Service NHS Foundation Trust,RX6
North West Ambulance Service NHS Trust,RX7
South Central Ambulance Service NHS Foundation Trust,RYE
South East Coast Ambulance Service NHS Foundation Trust,RYD
South Western Ambulance Service NHS Foundation Trust,RYF
Welsh Ambulance Services NHS Trust,RT4
West Midlands Ambulance Service NHS Foundation Trust,RYA
Yorkshire Ambulance Service NHS Trust,RX8
Bexley Care Trust,TAK
Birmingham Community Healthcare NHS Foundation Trust,RYW
Black Country Partnership NHS Foundation Trust,TAJ
Blackburn With Darwen Teaching Care Trust Plus,TAP
Bradford District Care NHS Foundation Trust,TAD
Bridgewater Community Healthcare NHS Foundation Trust,RY2
Cambridgeshire Community Services NHS Trust,RYV
Camden and Islington NHS Foundation Trust,TAF
Central and North West London NHS Foundation Trust,RV3
Central London Community Healthcare NHS Trust,RYX
Cumbria Partnership NHS Foundation Trust,RNN
Derbyshire Community Health Services NHS Foundation Trust,RY8
Dorset Healthcare University NHS Foundation Trust,RDY
Gloucestershire Care Services NHS Trust,R1J
Hertfordshire Community NHS Trust,RY4
Hounslow and Richmond Community Healthcare NHS Trust,RY9
Kent Community Health NHS Foundation Trust,RYY
Lancashire Care NHS Foundation Trust,RW5
Leeds Community Healthcare NHS Trust,RY6
Lincolnshire Community Health Services NHS Trust,RY5
Liverpool Community Health NHS Trust,RY1
Manchester Mental Health and Social Care Trust,TAE
Norfolk Community Health and Care NHS Trust,RY3
North East Lincolnshire Care Trust Plus,TAN
Northumberland Care Trust,TAC
Pennine Care NHS Foundation Trust,RT2
Sheffield Health & Social Care NHS Foundation Trust,TAH
Shropshire Community Health NHS Trust,R1D
Solent NHS Trust,R1C
Solihull Care Trust,TAM
Staffordshire and Stoke On Trent Partnership NHS Trust,R1E
Sussex Community NHS Foundation Trust,RDR
Torbay and Southern Devon Health and Care NHS Trust,R1G
Torbay Care Trust,TAL
Wirral Community NHS Foundation Trust,RY7
Worcestershire Health and Care NHS Trust,R1A
Worcestershire Mental Health Partnership NHS Trust,RWQ
2gether NHS Foundation Trust
Avon and Wiltshire Mental Health Partnership NHS Trust
"Barnet, Enfield and Haringey Mental Health NHS Trust"
Bedfordshire and Luton Mental Health and Social Care Partnership NHS Trust
Berkshire Healthcare NHS Foundation Trust
Birmingham and Solihull Mental Health NHS Foundation Trust
Calderstones Partnership NHS Foundation Trust
Cambridgeshire and Peterborough NHS Foundation Trust
Cheshire and Wirral Partnership NHS Foundation Trust
Cornwall Partnership NHS Foundation Trust
Coventry and Warwickshire Partnership NHS Trust
Derbyshire Healthcare NHS Foundation Trust
Devon Partnership NHS Trust
Dudley and Walsall Mental Health Partnership NHS Trust
East London NHS Foundation Trust
Greater Manchester Mental Health NHS Foundation Trust
Hertfordshire Partnership University NHS Foundation Trust
Humber NHS Foundation Trust
Kent and Medway NHS and Social Care Partnership Trust
Leeds and York Partnership NHS Foundation Trust
Leicestershire Partnership NHS Trust
Lincolnshire Partnership NHS Foundation Trust
Mersey Care NHS Foundation Trust
Norfolk and Suffolk NHS Foundation Trust
North East London NHS Foundation Trust
North Essex Partnership University NHS Foundation Trust
North Staffordshire Combined Healthcare NHS Trust
North West Boroughs Healthcare NHS Foundation Trust
Northamptonshire Healthcare NHS Foundation Trust
"Northumberland, Tyne and Wear NHS Foundation Trust"
Nottinghamshire Healthcare NHS Foundation Trust
Oxford Health NHS Foundation Trust
Oxfordshire Learning Disability NHS Trust
Oxleas NHS Foundation Trust
Rotherham Doncaster and South Humber NHS Foundation Trust
Somerset Partnership NHS Foundation Trust
South Essex Partnership University NHS Foundation Trust
South London and Maudsley NHS Foundation Trust
South Staffordshire and Shropshire Healthcare NHS Foundation Trust
South West London and St George's Mental Health NHS Trust
South West Yorkshire Partnership NHS Foundation Trust
Southern Health NHS Foundation Trust
Suffolk Mental Health Partnership NHS Trust
Surrey and Borders Partnership NHS Foundation Trust
Sussex Partnership NHS Foundation Trust
Tavistock and Portman NHS Foundation Trust
"Tees, Esk and Wear Valleys NHS Foundation Trust"
West London Mental Health NHS Trust